label_name,bbox_x,bbox_y,bbox_width,bbox_height,image_name,image_width,image_height
car,524,344,111,97,028f6a10-087ef8f4_000055.jpg,640,640
car,447,324,92,80,028f6a10-087ef8f4_000055.jpg,640,640
car,426,335,47,31,028f6a10-087ef8f4_000055.jpg,640,640
car,394,329,45,38,028f6a10-087ef8f4_000055.jpg,640,640
car,382,332,27,22,028f6a10-087ef8f4_000055.jpg,640,640
car,357,332,26,15,028f6a10-087ef8f4_000055.jpg,640,640
car,333,331,22,10,028f6a10-087ef8f4_000055.jpg,640,640
car,212,321,45,24,028f6a10-087ef8f4_000055.jpg,640,640
car,254,323,30,21,028f6a10-087ef8f4_000055.jpg,640,640
car,282,328,24,12,028f6a10-087ef8f4_000055.jpg,640,640
car,22,336,87,30,028f6a10-087ef8f4_000055.jpg,640,640
car,549,316,89,115,028f6a10-087ef8f4_000089.jpg,640,640
car,420,322,58,46,028f6a10-087ef8f4_000089.jpg,640,640
car,382,324,46,30,028f6a10-087ef8f4_000089.jpg,640,640
car,354,324,30,18,028f6a10-087ef8f4_000089.jpg,640,640
car,339,324,15,14,028f6a10-087ef8f4_000089.jpg,640,640
car,302,321,24,19,028f6a10-087ef8f4_000089.jpg,640,640
car,169,316,65,28,028f6a10-087ef8f4_000089.jpg,640,640
car,239,316,39,23,028f6a10-087ef8f4_000089.jpg,640,640
car,277,318,29,18,028f6a10-087ef8f4_000089.jpg,640,640
car,583,350,57,88,028f6a10-087ef8f4_000093.jpg,640,640
car,426,331,57,42,028f6a10-087ef8f4_000093.jpg,640,640
car,367,328,26,17,028f6a10-087ef8f4_000093.jpg,640,640
car,338,324,12,16,028f6a10-087ef8f4_000093.jpg,640,640
car,354,328,12,13,028f6a10-087ef8f4_000093.jpg,640,640
car,299,319,23,22,028f6a10-087ef8f4_000093.jpg,640,640
car,164,312,64,36,028f6a10-087ef8f4_000093.jpg,640,640
car,237,315,39,29,028f6a10-087ef8f4_000093.jpg,640,640
car,266,318,28,18,028f6a10-087ef8f4_000093.jpg,640,640
car,463,332,114,62,028f6a10-087ef8f4_000123.jpg,640,640
car,390,332,23,24,028f6a10-087ef8f4_000123.jpg,640,640
car,372,334,15,15,028f6a10-087ef8f4_000123.jpg,640,640
car,356,333,14,14,028f6a10-087ef8f4_000123.jpg,640,640
car,336,330,18,18,028f6a10-087ef8f4_000123.jpg,640,640
car,74,312,103,51,028f6a10-087ef8f4_000123.jpg,640,640
car,209,324,39,25,028f6a10-087ef8f4_000123.jpg,640,640
car,250,323,43,22,028f6a10-087ef8f4_000123.jpg,640,640
car,295,327,26,17,028f6a10-087ef8f4_000123.jpg,640,640
car,624,453,16,46,029aad77-628b9c45_000003.jpg,640,640
car,551,448,75,34,029aad77-628b9c45_000003.jpg,640,640
car,472,435,84,47,029aad77-628b9c45_000003.jpg,640,640
car,264,403,43,36,029aad77-628b9c45_000003.jpg,640,640
car,250,408,22,22,029aad77-628b9c45_000003.jpg,640,640
car,236,402,28,22,029aad77-628b9c45_000003.jpg,640,640
car,227,401,18,19,029aad77-628b9c45_000003.jpg,640,640
car,215,403,22,15,029aad77-628b9c45_000003.jpg,640,640
car,207,403,20,10,029aad77-628b9c45_000003.jpg,640,640
car,193,400,15,12,029aad77-628b9c45_000003.jpg,640,640
car,158,396,21,14,029aad77-628b9c45_000003.jpg,640,640
car,21,374,58,38,029aad77-628b9c45_000003.jpg,640,640
car,0,373,45,30,029aad77-628b9c45_000003.jpg,640,640
car,97,386,14,15,029aad77-628b9c45_000003.jpg,640,640
car,114,388,15,13,029aad77-628b9c45_000003.jpg,640,640
car,145,394,12,9,029aad77-628b9c45_000003.jpg,640,640
car,481,433,91,46,029aad77-628b9c45_000112.jpg,640,640
car,572,444,61,38,029aad77-628b9c45_000112.jpg,640,640
car,263,395,50,43,029aad77-628b9c45_000112.jpg,640,640
car,250,407,24,21,029aad77-628b9c45_000112.jpg,640,640
car,237,399,26,25,029aad77-628b9c45_000112.jpg,640,640
car,223,399,22,20,029aad77-628b9c45_000112.jpg,640,640
car,213,396,25,20,029aad77-628b9c45_000112.jpg,640,640
car,203,398,23,15,029aad77-628b9c45_000112.jpg,640,640
car,186,395,20,14,029aad77-628b9c45_000112.jpg,640,640
car,157,391,20,16,029aad77-628b9c45_000112.jpg,640,640
car,20,372,56,44,029aad77-628b9c45_000112.jpg,640,640
car,0,368,28,42,029aad77-628b9c45_000112.jpg,640,640
car,93,384,18,14,029aad77-628b9c45_000112.jpg,640,640
car,76,383,10,17,029aad77-628b9c45_000112.jpg,640,640
car,116,386,22,12,029aad77-628b9c45_000112.jpg,640,640
car,139,392,18,8,029aad77-628b9c45_000112.jpg,640,640
car,488,433,86,47,029aad77-628b9c45_000153.jpg,640,640
car,575,448,64,33,029aad77-628b9c45_000153.jpg,640,640
car,263,402,52,38,029aad77-628b9c45_000153.jpg,640,640
car,254,406,21,25,029aad77-628b9c45_000153.jpg,640,640
car,241,398,17,22,029aad77-628b9c45_000153.jpg,640,640
car,228,405,18,17,029aad77-628b9c45_000153.jpg,640,640
car,20,371,57,44,029aad77-628b9c45_000153.jpg,640,640
car,2,360,27,53,029aad77-628b9c45_000153.jpg,640,640
car,219,399,18,16,029aad77-628b9c45_000153.jpg,640,640
car,208,401,17,13,029aad77-628b9c45_000153.jpg,640,640
car,194,397,14,10,029aad77-628b9c45_000153.jpg,640,640
car,184,397,10,10,029aad77-628b9c45_000153.jpg,640,640
car,77,380,10,22,029aad77-628b9c45_000153.jpg,640,640
car,96,385,17,16,029aad77-628b9c45_000153.jpg,640,640
car,112,388,22,14,029aad77-628b9c45_000153.jpg,640,640
car,142,394,22,8,029aad77-628b9c45_000153.jpg,640,640
car,0,264,150,216,029abf56-094a6f08_000115.jpg,640,640
car,293,354,29,30,029abf56-094a6f08_000115.jpg,640,640
car,258,355,15,13,029abf56-094a6f08_000115.jpg,640,640
car,295,354,26,25,029abf56-094a6f08_000134.jpg,640,640
car,282,355,9,10,029abf56-094a6f08_000134.jpg,640,640
car,252,350,13,15,029abf56-094a6f08_000134.jpg,640,640
car,266,354,8,10,029abf56-094a6f08_000134.jpg,640,640
car,14,296,194,132,029abf56-094a6f08_000134.jpg,640,640
car,599,278,41,67,029ae5bb-c8d1a298_000037.jpg,640,640
car,487,256,133,70,029ae5bb-c8d1a298_000037.jpg,640,640
car,434,257,78,45,029ae5bb-c8d1a298_000037.jpg,640,640
car,412,258,40,41,029ae5bb-c8d1a298_000037.jpg,640,640
car,366,264,35,29,029ae5bb-c8d1a298_000037.jpg,640,640
car,351,265,29,22,029ae5bb-c8d1a298_000037.jpg,640,640
car,341,266,17,14,029ae5bb-c8d1a298_000037.jpg,640,640
car,332,269,13,12,029ae5bb-c8d1a298_000037.jpg,640,640
car,0,280,68,43,029ae5bb-c8d1a298_000037.jpg,640,640
car,113,279,45,19,029ae5bb-c8d1a298_000037.jpg,640,640
car,56,283,23,13,029ae5bb-c8d1a298_000037.jpg,640,640
car,148,277,23,22,029ae5bb-c8d1a298_000037.jpg,640,640
car,216,272,16,16,029ae5bb-c8d1a298_000037.jpg,640,640
car,319,268,10,12,029ae5bb-c8d1a298_000037.jpg,640,640
car,169,253,50,40,029ae5bb-c8d1a298_000037.jpg,640,640
car,596,278,44,70,029ae5bb-c8d1a298_000058.jpg,640,640
car,489,252,131,64,029ae5bb-c8d1a298_000058.jpg,640,640
car,442,254,66,52,029ae5bb-c8d1a298_000058.jpg,640,640
car,388,272,36,21,029ae5bb-c8d1a298_000058.jpg,640,640
car,378,264,30,22,029ae5bb-c8d1a298_000058.jpg,640,640
car,366,259,16,30,029ae5bb-c8d1a298_000058.jpg,640,640
car,350,268,18,14,029ae5bb-c8d1a298_000058.jpg,640,640
car,334,268,16,11,029ae5bb-c8d1a298_000058.jpg,640,640
car,323,271,10,6,029ae5bb-c8d1a298_000058.jpg,640,640
car,23,284,23,16,029ae5bb-c8d1a298_000058.jpg,640,640
car,46,280,74,35,029ae5bb-c8d1a298_000058.jpg,640,640
car,95,273,18,18,029ae5bb-c8d1a298_000058.jpg,640,640
car,183,256,43,37,029ae5bb-c8d1a298_000058.jpg,640,640
car,221,269,20,17,029ae5bb-c8d1a298_000058.jpg,640,640
car,242,266,14,17,029ae5bb-c8d1a298_000058.jpg,640,640
car,165,275,14,10,029ae5bb-c8d1a298_000058.jpg,640,640
car,114,280,26,12,029ae5bb-c8d1a298_000058.jpg,640,640
car,520,264,61,33,029ae5bb-c8d1a298_000123.jpg,640,640
car,495,258,49,32,029ae5bb-c8d1a298_000123.jpg,640,640
car,473,257,35,34,029ae5bb-c8d1a298_000123.jpg,640,640
car,451,263,24,18,029ae5bb-c8d1a298_000123.jpg,640,640
car,433,264,22,14,029ae5bb-c8d1a298_000123.jpg,640,640
car,422,262,15,11,029ae5bb-c8d1a298_000123.jpg,640,640
car,411,261,14,8,029ae5bb-c8d1a298_000123.jpg,640,640
car,390,260,10,9,029ae5bb-c8d1a298_000123.jpg,640,640
car,169,270,65,35,029ae5bb-c8d1a298_000123.jpg,640,640
car,64,276,56,25,029ae5bb-c8d1a298_000123.jpg,640,640
car,150,275,28,20,029ae5bb-c8d1a298_000123.jpg,640,640
car,263,271,25,20,029ae5bb-c8d1a298_000123.jpg,640,640
car,306,256,25,27,029ae5bb-c8d1a298_000123.jpg,640,640
car,289,267,14,18,029ae5bb-c8d1a298_000123.jpg,640,640
car,616,272,22,42,029ae5bb-c8d1a298_000192.jpg,640,640
car,577,267,41,41,029ae5bb-c8d1a298_000192.jpg,640,640
car,531,276,29,20,029ae5bb-c8d1a298_000192.jpg,640,640
car,515,275,19,18,029ae5bb-c8d1a298_000192.jpg,640,640
car,495,280,20,12,029ae5bb-c8d1a298_000192.jpg,640,640
car,475,278,19,9,029ae5bb-c8d1a298_000192.jpg,640,640
car,462,278,11,7,029ae5bb-c8d1a298_000192.jpg,640,640
car,359,285,24,16,029ae5bb-c8d1a298_000192.jpg,640,640
car,381,284,15,11,029ae5bb-c8d1a298_000192.jpg,640,640
car,394,276,10,17,029ae5bb-c8d1a298_000192.jpg,640,640
car,342,275,18,20,029ae5bb-c8d1a298_000192.jpg,640,640
car,149,289,49,28,029ae5bb-c8d1a298_000192.jpg,640,640
car,432,281,32,24,029e1042-2639a5f8_000040.jpg,640,640
car,419,278,25,19,029e1042-2639a5f8_000040.jpg,640,640
car,355,272,40,35,029e1042-2639a5f8_000040.jpg,640,640
car,76,285,64,27,029e1042-2639a5f8_000040.jpg,640,640
car,135,280,47,22,029e1042-2639a5f8_000040.jpg,640,640
car,170,279,35,21,029e1042-2639a5f8_000040.jpg,640,640
car,219,275,28,22,029e1042-2639a5f8_000040.jpg,640,640
car,272,275,23,21,029e1042-2639a5f8_000040.jpg,640,640
car,249,272,22,22,029e1042-2639a5f8_000040.jpg,640,640
car,338,278,12,9,029e1042-2639a5f8_000040.jpg,640,640
car,323,277,11,9,029e1042-2639a5f8_000040.jpg,640,640
car,481,280,70,40,029e1042-2639a5f8_000067.jpg,640,640
car,457,278,50,31,029e1042-2639a5f8_000067.jpg,640,640
car,351,267,40,38,029e1042-2639a5f8_000067.jpg,640,640
car,398,268,14,22,029e1042-2639a5f8_000067.jpg,640,640
car,325,275,21,12,029e1042-2639a5f8_000067.jpg,640,640
car,4,282,93,39,029e1042-2639a5f8_000067.jpg,640,640
car,85,277,61,33,029e1042-2639a5f8_000067.jpg,640,640
car,165,274,76,34,029e1042-2639a5f8_000067.jpg,640,640
car,230,277,24,15,029e1042-2639a5f8_000067.jpg,640,640
car,250,278,22,15,029e1042-2639a5f8_000067.jpg,640,640
car,262,273,28,18,029e1042-2639a5f8_000067.jpg,640,640
car,549,274,91,66,029e1042-2639a5f8_000098.jpg,640,640
car,383,272,16,18,029e1042-2639a5f8_000098.jpg,640,640
car,331,270,34,34,029e1042-2639a5f8_000098.jpg,640,640
car,101,294,53,22,029e1042-2639a5f8_000098.jpg,640,640
car,170,288,35,21,029e1042-2639a5f8_000098.jpg,640,640
car,200,287,30,17,029e1042-2639a5f8_000098.jpg,640,640
car,225,286,22,15,029e1042-2639a5f8_000098.jpg,640,640
car,306,282,20,10,029e1042-2639a5f8_000098.jpg,640,640
car,328,270,32,32,029e1042-2639a5f8_000107.jpg,640,640
car,383,273,15,14,029e1042-2639a5f8_000107.jpg,640,640
car,50,291,74,29,029e1042-2639a5f8_000107.jpg,640,640
car,144,283,56,24,029e1042-2639a5f8_000107.jpg,640,640
car,201,282,34,21,029e1042-2639a5f8_000107.jpg,640,640
car,297,274,26,14,029e1042-2639a5f8_000107.jpg,640,640
car,324,272,30,30,029e1042-2639a5f8_000121.jpg,640,640
car,382,275,14,15,029e1042-2639a5f8_000121.jpg,640,640
car,0,296,51,36,029e1042-2639a5f8_000121.jpg,640,640
car,99,286,52,26,029e1042-2639a5f8_000121.jpg,640,640
car,145,281,43,27,029e1042-2639a5f8_000121.jpg,640,640
car,184,284,34,22,029e1042-2639a5f8_000121.jpg,640,640
car,291,279,24,14,029e1042-2639a5f8_000121.jpg,640,640
car,475,200,161,215,029e1042-e795c758_000180.jpg,640,640
car,237,267,50,39,029e1042-e795c758_000180.jpg,640,640
car,108,287,43,25,029e1042-e795c758_000180.jpg,640,640
car,44,287,63,27,029e1042-e795c758_000180.jpg,640,640
car,285,261,43,41,029e1042-e795c758_000180.jpg,640,640
car,222,279,26,19,029e1042-e795c758_000180.jpg,640,640
car,375,257,51,36,029fd342-21488eaa_000144.jpg,640,640
car,360,258,29,30,029fd342-21488eaa_000144.jpg,640,640
car,335,260,22,15,029fd342-21488eaa_000144.jpg,640,640
car,310,263,20,14,029fd342-21488eaa_000144.jpg,640,640
car,279,264,14,13,029fd342-21488eaa_000144.jpg,640,640
car,263,261,14,11,029fd342-21488eaa_000144.jpg,640,640
car,221,264,33,24,029fd342-21488eaa_000144.jpg,640,640
car,104,264,38,29,029fd342-21488eaa_000144.jpg,640,640
car,16,269,63,17,029fd342-21488eaa_000144.jpg,640,640
car,29,261,43,16,029fd342-21488eaa_000144.jpg,640,640
car,237,259,22,18,029fd342-21488eaa_000144.jpg,640,640
car,378,260,52,29,029fd342-21488eaa_000194.jpg,640,640
car,362,256,36,30,029fd342-21488eaa_000194.jpg,640,640
car,306,260,22,14,029fd342-21488eaa_000194.jpg,640,640
car,225,264,26,23,029fd342-21488eaa_000194.jpg,640,640
car,235,260,22,23,029fd342-21488eaa_000194.jpg,640,640
car,278,263,21,12,029fd342-21488eaa_000194.jpg,640,640
car,335,260,15,10,029fd342-21488eaa_000194.jpg,640,640
car,106,266,36,22,029fd342-21488eaa_000194.jpg,640,640
car,16,268,61,21,029fd342-21488eaa_000194.jpg,640,640
car,32,260,39,14,029fd342-21488eaa_000194.jpg,640,640
car,262,257,8,6,029fd342-21488eaa_000194.jpg,640,640
car,528,259,112,144,029ffd50-0fac4345_000018.jpg,640,640
car,438,292,56,42,029ffd50-0fac4345_000018.jpg,640,640
car,415,293,35,28,029ffd50-0fac4345_000018.jpg,640,640
car,382,292,21,19,029ffd50-0fac4345_000018.jpg,640,640
car,361,294,22,20,029ffd50-0fac4345_000018.jpg,640,640
car,315,291,43,41,029ffd50-0fac4345_000018.jpg,640,640
car,77,299,70,32,029ffd50-0fac4345_000018.jpg,640,640
car,0,332,99,25,029ffd50-0fac4345_000018.jpg,640,640
car,208,300,32,18,029ffd50-0fac4345_000018.jpg,640,640
car,262,295,26,19,029ffd50-0fac4345_000018.jpg,640,640
car,608,313,32,123,029ffd50-0fac4345_000046.jpg,640,640
car,444,289,78,48,029ffd50-0fac4345_000046.jpg,640,640
car,399,288,44,31,029ffd50-0fac4345_000046.jpg,640,640
car,368,288,19,21,029ffd50-0fac4345_000046.jpg,640,640
car,342,288,23,22,029ffd50-0fac4345_000046.jpg,640,640
car,297,286,50,43,029ffd50-0fac4345_000046.jpg,640,640
car,112,294,73,36,029ffd50-0fac4345_000046.jpg,640,640
car,233,292,32,22,029ffd50-0fac4345_000046.jpg,640,640
car,269,292,18,16,029ffd50-0fac4345_000046.jpg,640,640
car,461,291,107,60,029ffd50-0fac4345_000149.jpg,640,640
car,345,288,43,38,029ffd50-0fac4345_000149.jpg,640,640
car,385,292,30,26,029ffd50-0fac4345_000149.jpg,640,640
car,285,283,51,46,029ffd50-0fac4345_000149.jpg,640,640
car,325,293,30,16,029ffd50-0fac4345_000149.jpg,640,640
car,258,288,28,21,029ffd50-0fac4345_000149.jpg,640,640
car,222,290,34,19,029ffd50-0fac4345_000149.jpg,640,640
car,169,292,50,26,029ffd50-0fac4345_000149.jpg,640,640
car,45,282,98,53,029ffd50-0fac4345_000149.jpg,640,640
car,397,283,227,74,0030f434-3eb4a3a9_000002.jpg,640,640
car,311,298,34,27,0030f434-3eb4a3a9_000002.jpg,640,640
car,304,293,22,16,0030f434-3eb4a3a9_000002.jpg,640,640
car,147,287,166,64,0030f434-3eb4a3a9_000002.jpg,640,640
car,140,292,58,31,0030f434-3eb4a3a9_000002.jpg,640,640
car,76,303,70,32,0030f434-3eb4a3a9_000002.jpg,640,640
car,117,296,36,14,0030f434-3eb4a3a9_000002.jpg,640,640
car,186,288,30,16,0030f434-3eb4a3a9_000002.jpg,640,640
car,385,281,143,55,0030f434-3eb4a3a9_000078.jpg,640,640
car,307,298,38,25,0030f434-3eb4a3a9_000078.jpg,640,640
car,303,291,15,19,0030f434-3eb4a3a9_000078.jpg,640,640
car,274,289,22,15,0030f434-3eb4a3a9_000078.jpg,640,640
car,258,287,20,12,0030f434-3eb4a3a9_000078.jpg,640,640
car,247,293,20,17,0030f434-3eb4a3a9_000078.jpg,640,640
car,237,292,12,15,0030f434-3eb4a3a9_000078.jpg,640,640
car,224,296,17,17,0030f434-3eb4a3a9_000078.jpg,640,640
car,193,292,39,27,0030f434-3eb4a3a9_000078.jpg,640,640
car,147,295,54,31,0030f434-3eb4a3a9_000078.jpg,640,640
car,74,304,73,29,0030f434-3eb4a3a9_000078.jpg,640,640
car,109,296,39,13,0030f434-3eb4a3a9_000078.jpg,640,640
car,453,204,185,174,0245bba2-066e715d_000030.jpg,640,640
car,423,287,46,56,0245bba2-066e715d_000030.jpg,640,640
car,407,296,32,34,0245bba2-066e715d_000030.jpg,640,640
car,394,299,26,29,0245bba2-066e715d_000030.jpg,640,640
car,317,294,68,57,0245bba2-066e715d_000030.jpg,640,640
car,229,304,30,22,0245bba2-066e715d_000030.jpg,640,640
car,97,308,55,25,0245bba2-066e715d_000030.jpg,640,640
car,149,311,22,11,0245bba2-066e715d_000030.jpg,640,640
car,49,309,42,20,0245bba2-066e715d_000030.jpg,640,640
car,269,307,13,11,0245bba2-066e715d_000030.jpg,640,640
car,198,309,12,11,0245bba2-066e715d_000030.jpg,640,640
car,557,199,83,235,0245bba2-066e715d_000069.jpg,640,640
car,475,254,133,124,0245bba2-066e715d_000069.jpg,640,640
car,434,300,62,53,0245bba2-066e715d_000069.jpg,640,640
car,415,304,38,38,0245bba2-066e715d_000069.jpg,640,640
car,375,303,18,22,0245bba2-066e715d_000069.jpg,640,640
car,312,299,67,54,0245bba2-066e715d_000069.jpg,640,640
car,302,309,12,11,0245bba2-066e715d_000069.jpg,640,640
car,246,305,16,18,0245bba2-066e715d_000069.jpg,640,640
car,228,308,16,13,0245bba2-066e715d_000069.jpg,640,640
car,218,308,14,10,0245bba2-066e715d_000069.jpg,640,640
car,126,310,46,23,0245bba2-066e715d_000069.jpg,640,640
car,175,312,14,12,0245bba2-066e715d_000069.jpg,640,640
car,0,303,40,33,0245bba2-066e715d_000069.jpg,640,640
car,521,282,116,157,0245bba2-066e715d_000111.jpg,640,640
car,460,310,120,61,0245bba2-066e715d_000111.jpg,640,640
car,532,295,51,18,0245bba2-066e715d_000111.jpg,640,640
car,378,299,25,22,0245bba2-066e715d_000111.jpg,640,640
car,304,288,62,60,0245bba2-066e715d_000111.jpg,640,640
car,246,300,21,14,0245bba2-066e715d_000111.jpg,640,640
car,223,301,18,11,0245bba2-066e715d_000111.jpg,640,640
car,208,302,17,11,0245bba2-066e715d_000111.jpg,640,640
car,142,304,36,16,0245bba2-066e715d_000111.jpg,640,640
car,114,306,34,11,0245bba2-066e715d_000111.jpg,640,640
car,83,307,16,16,0245bba2-066e715d_000111.jpg,640,640
car,519,301,121,148,0245bba2-066e715d_000131.jpg,640,640
car,380,296,29,29,0245bba2-066e715d_000131.jpg,640,640
car,305,291,56,55,0245bba2-066e715d_000131.jpg,640,640
car,298,300,18,12,0245bba2-066e715d_000131.jpg,640,640
car,243,300,21,16,0245bba2-066e715d_000131.jpg,640,640
car,220,301,18,15,0245bba2-066e715d_000131.jpg,640,640
car,200,303,18,10,0245bba2-066e715d_000131.jpg,640,640
car,0,306,79,38,0245bba2-066e715d_000131.jpg,640,640
car,60,306,45,21,0245bba2-066e715d_000131.jpg,640,640
car,139,304,38,19,0245bba2-066e715d_000131.jpg,640,640
car,375,441,52,43,0252f2b5-2e69185a_000116.jpg,640,640
car,359,441,28,36,0252f2b5-2e69185a_000116.jpg,640,640
car,620,453,18,31,0252f2b5-2e69185a_000116.jpg,640,640
car,328,446,26,22,0252f2b5-2e69185a_000116.jpg,640,640
car,270,444,34,23,0252f2b5-2e69185a_000116.jpg,640,640
car,304,449,14,14,0252f2b5-2e69185a_000116.jpg,640,640
car,170,449,49,37,0252f2b5-2e69185a_000116.jpg,640,640
car,137,441,50,39,0252f2b5-2e69185a_000116.jpg,640,640
car,205,453,26,24,0252f2b5-2e69185a_000116.jpg,640,640
car,219,449,22,27,0252f2b5-2e69185a_000116.jpg,640,640
car,233,450,23,18,0252f2b5-2e69185a_000116.jpg,640,640
car,255,447,15,25,0252f2b5-2e69185a_000116.jpg,640,640
car,620,456,20,28,0252f2b5-2e69185a_000167.jpg,640,640
car,378,446,49,35,0252f2b5-2e69185a_000167.jpg,640,640
car,358,443,33,30,0252f2b5-2e69185a_000167.jpg,640,640
car,330,448,26,22,0252f2b5-2e69185a_000167.jpg,640,640
car,318,453,17,13,0252f2b5-2e69185a_000167.jpg,640,640
car,305,453,13,9,0252f2b5-2e69185a_000167.jpg,640,640
car,270,445,34,22,0252f2b5-2e69185a_000167.jpg,640,640
car,255,451,14,14,0252f2b5-2e69185a_000167.jpg,640,640
car,237,446,18,25,0252f2b5-2e69185a_000167.jpg,640,640
car,220,452,20,22,0252f2b5-2e69185a_000167.jpg,640,640
car,209,454,22,20,0252f2b5-2e69185a_000167.jpg,640,640
car,167,449,50,34,0252f2b5-2e69185a_000167.jpg,640,640
car,136,436,55,38,0252f2b5-2e69185a_000167.jpg,640,640
car,620,455,20,34,0252f2b5-2e69185a_000178.jpg,640,640
car,373,441,54,42,0252f2b5-2e69185a_000178.jpg,640,640
car,361,441,26,41,0252f2b5-2e69185a_000178.jpg,640,640
car,330,448,30,20,0252f2b5-2e69185a_000178.jpg,640,640
car,322,451,15,17,0252f2b5-2e69185a_000178.jpg,640,640
car,305,452,18,13,0252f2b5-2e69185a_000178.jpg,640,640
car,266,445,34,24,0252f2b5-2e69185a_000178.jpg,640,640
car,255,451,14,15,0252f2b5-2e69185a_000178.jpg,640,640
car,241,451,21,18,0252f2b5-2e69185a_000178.jpg,640,640
car,224,450,19,22,0252f2b5-2e69185a_000178.jpg,640,640
car,206,453,23,22,0252f2b5-2e69185a_000178.jpg,640,640
car,169,446,50,35,0252f2b5-2e69185a_000178.jpg,640,640
car,138,445,55,34,0252f2b5-2e69185a_000178.jpg,640,640
car,286,219,241,191,0282c435-23183908_000021.jpg,640,640
car,572,296,68,63,0282c435-23183908_000021.jpg,640,640
car,600,272,40,43,0282c435-23183908_000021.jpg,640,640
car,511,281,80,70,0282c435-23183908_000021.jpg,640,640
car,258,255,64,84,0282c435-23183908_000021.jpg,640,640
car,595,261,45,103,0282c435-23183908_000085.jpg,640,640
car,406,244,207,116,0282c435-23183908_000085.jpg,640,640
car,216,212,203,185,0282c435-23183908_000085.jpg,640,640
car,207,210,207,198,0282c435-23183908_000089.jpg,640,640
car,407,246,175,108,0282c435-23183908_000089.jpg,640,640
car,568,266,71,90,0282c435-23183908_000089.jpg,640,640
car,202,207,199,201,0282c435-23183908_000096.jpg,640,640
car,396,246,141,102,0282c435-23183908_000096.jpg,640,640
car,530,272,107,87,0282c435-23183908_000096.jpg,640,640
car,520,275,120,86,0282c435-23183908_000126.jpg,640,640
car,420,271,38,42,0282c435-23183908_000126.jpg,640,640
car,362,252,70,70,0282c435-23183908_000126.jpg,640,640
car,171,214,206,190,0282c435-23183908_000126.jpg,640,640
car,524,292,116,142,0282c435-23183908_000152.jpg,640,640
car,509,277,131,67,0282c435-23183908_000152.jpg,640,640
car,373,269,61,51,0282c435-23183908_000152.jpg,640,640
car,330,258,53,56,0282c435-23183908_000152.jpg,640,640
car,159,223,187,161,0282c435-23183908_000152.jpg,640,640
car,445,281,29,20,0282c435-23183908_000152.jpg,640,640
car,364,268,265,117,0282c435-23183908_000181.jpg,640,640
car,564,258,76,105,0282c435-23183908_000181.jpg,640,640
car,338,269,47,42,0282c435-23183908_000181.jpg,640,640
car,384,276,26,23,0282c435-23183908_000181.jpg,640,640
car,291,264,47,47,0282c435-23183908_000181.jpg,640,640
car,132,223,173,167,0282c435-23183908_000181.jpg,640,640
car,351,292,52,46,0292ca07-128d078f_000005.jpg,640,640
car,292,300,65,54,0292ca07-128d078f_000005.jpg,640,640
car,270,291,29,31,0292ca07-128d078f_000005.jpg,640,640
car,75,302,31,18,0292ca07-128d078f_000005.jpg,640,640
car,123,299,29,18,0292ca07-128d078f_000005.jpg,640,640
car,358,288,49,37,0292ca07-128d078f_000014.jpg,640,640
car,294,297,62,55,0292ca07-128d078f_000014.jpg,640,640
car,270,288,24,33,0292ca07-128d078f_000014.jpg,640,640
car,119,293,27,23,0292ca07-128d078f_000014.jpg,640,640
car,61,300,29,17,0292ca07-128d078f_000014.jpg,640,640
car,364,284,53,50,0292ca07-128d078f_000031.jpg,640,640
car,302,301,53,43,0292ca07-128d078f_000031.jpg,640,640
car,313,295,22,10,0292ca07-128d078f_000031.jpg,640,640
car,263,291,28,27,0292ca07-128d078f_000031.jpg,640,640
car,20,292,40,26,0292ca07-128d078f_000031.jpg,640,640
car,112,292,26,16,0292ca07-128d078f_000031.jpg,640,640
car,345,302,28,12,0292ca07-128d078f_000031.jpg,640,640
car,383,273,95,81,0292ca07-128d078f_000073.jpg,640,640
car,351,300,19,15,0292ca07-128d078f_000073.jpg,640,640
car,302,299,45,43,0292ca07-128d078f_000073.jpg,640,640
car,316,289,22,12,0292ca07-128d078f_000073.jpg,640,640
car,254,285,32,32,0292ca07-128d078f_000073.jpg,640,640
car,84,287,33,18,0292ca07-128d078f_000073.jpg,640,640
car,531,231,109,189,0292ca07-128d078f_000131.jpg,640,640
car,501,328,47,38,0292ca07-128d078f_000131.jpg,640,640
car,446,300,82,48,0292ca07-128d078f_000131.jpg,640,640
car,404,311,25,17,0292ca07-128d078f_000131.jpg,640,640
car,380,306,22,14,0292ca07-128d078f_000131.jpg,640,640
car,310,304,42,33,0292ca07-128d078f_000131.jpg,640,640
car,286,302,17,15,0292ca07-128d078f_000131.jpg,640,640
car,347,297,22,20,0292ca07-128d078f_000131.jpg,640,640
car,219,280,50,46,0292ca07-128d078f_000131.jpg,640,640
car,22,288,53,26,0292ca07-128d078f_000131.jpg,640,640
car,314,293,15,12,0292ca07-128d078f_000131.jpg,640,640
car,584,340,56,49,0292ca07-128d078f_000148.jpg,640,640
car,476,305,91,52,0292ca07-128d078f_000148.jpg,640,640
car,556,310,55,31,0292ca07-128d078f_000148.jpg,640,640
car,612,306,26,33,0292ca07-128d078f_000148.jpg,640,640
car,464,308,22,18,0292ca07-128d078f_000148.jpg,640,640
car,408,309,26,26,0292ca07-128d078f_000148.jpg,640,640
car,394,307,18,11,0292ca07-128d078f_000148.jpg,640,640
car,378,308,18,9,0292ca07-128d078f_000148.jpg,640,640
car,304,304,49,27,0292ca07-128d078f_000148.jpg,640,640
car,310,296,21,17,0292ca07-128d078f_000148.jpg,640,640
car,337,298,27,20,0292ca07-128d078f_000148.jpg,640,640
car,276,306,20,13,0292ca07-128d078f_000148.jpg,640,640
car,199,272,59,57,0292ca07-128d078f_000148.jpg,640,640
car,6,286,38,19,0292ca07-128d078f_000148.jpg,640,640
car,599,338,41,65,0292ca07-128d078f_000150.jpg,640,640
car,484,307,89,53,0292ca07-128d078f_000150.jpg,640,640
car,553,312,63,32,0292ca07-128d078f_000150.jpg,640,640
car,610,307,30,30,0292ca07-128d078f_000150.jpg,640,640
car,470,312,20,15,0292ca07-128d078f_000150.jpg,640,640
car,407,309,34,26,0292ca07-128d078f_000150.jpg,640,640
car,399,310,15,11,0292ca07-128d078f_000150.jpg,640,640
car,381,308,18,12,0292ca07-128d078f_000150.jpg,640,640
car,308,305,38,30,0292ca07-128d078f_000150.jpg,640,640
car,307,296,23,21,0292ca07-128d078f_000150.jpg,640,640
car,341,305,16,16,0292ca07-128d078f_000150.jpg,640,640
car,277,306,14,12,0292ca07-128d078f_000150.jpg,640,640
car,290,299,15,16,0292ca07-128d078f_000150.jpg,640,640
car,201,276,56,50,0292ca07-128d078f_000150.jpg,640,640
car,2,284,39,19,0292ca07-128d078f_000150.jpg,640,640
car,467,292,119,65,029ffd50-0fac4345_000155.jpg,640,640
car,349,292,42,38,029ffd50-0fac4345_000155.jpg,640,640
car,386,291,22,30,029ffd50-0fac4345_000155.jpg,640,640
car,341,292,22,20,029ffd50-0fac4345_000155.jpg,640,640
car,322,292,22,15,029ffd50-0fac4345_000155.jpg,640,640
car,281,293,53,40,029ffd50-0fac4345_000155.jpg,640,640
car,251,286,29,18,029ffd50-0fac4345_000155.jpg,640,640
car,215,290,27,19,029ffd50-0fac4345_000155.jpg,640,640
car,119,288,62,34,029ffd50-0fac4345_000155.jpg,640,640
car,0,277,34,66,029ffd50-0fac4345_000155.jpg,640,640
car,476,203,137,46,013645c8-bb313ab4_000000.jpg,640,640
car,443,218,87,35,013645c8-bb313ab4_000000.jpg,640,640
car,239,225,22,16,013645c8-bb313ab4_000000.jpg,640,640
car,229,225,17,12,013645c8-bb313ab4_000000.jpg,640,640
car,218,224,12,6,013645c8-bb313ab4_000000.jpg,640,640
car,191,225,15,9,013645c8-bb313ab4_000000.jpg,640,640
car,196,230,47,34,013645c8-bb313ab4_000000.jpg,640,640
car,141,229,35,26,013645c8-bb313ab4_000000.jpg,640,640
car,163,226,26,17,013645c8-bb313ab4_000000.jpg,640,640
car,130,230,14,8,013645c8-bb313ab4_000000.jpg,640,640
car,103,233,16,11,013645c8-bb313ab4_000000.jpg,640,640
car,74,233,25,17,013645c8-bb313ab4_000000.jpg,640,640
car,35,222,41,24,013645c8-bb313ab4_000000.jpg,640,640
car,0,218,36,40,013645c8-bb313ab4_000000.jpg,640,640
car,0,236,115,74,013645c8-bb313ab4_000000.jpg,640,640
car,497,203,139,52,013645c8-bb313ab4_000004.jpg,640,640
car,451,215,91,41,013645c8-bb313ab4_000004.jpg,640,640
car,240,228,18,15,013645c8-bb313ab4_000004.jpg,640,640
car,229,226,14,10,013645c8-bb313ab4_000004.jpg,640,640
car,219,226,14,9,013645c8-bb313ab4_000004.jpg,640,640
car,192,227,13,7,013645c8-bb313ab4_000004.jpg,640,640
car,196,233,42,30,013645c8-bb313ab4_000004.jpg,640,640
car,138,232,37,18,013645c8-bb313ab4_000004.jpg,640,640
car,163,229,22,14,013645c8-bb313ab4_000004.jpg,640,640
car,123,231,19,10,013645c8-bb313ab4_000004.jpg,640,640
car,97,235,21,11,013645c8-bb313ab4_000004.jpg,640,640
car,72,235,22,10,013645c8-bb313ab4_000004.jpg,640,640
car,26,226,47,18,013645c8-bb313ab4_000004.jpg,640,640
car,0,216,32,48,013645c8-bb313ab4_000004.jpg,640,640
car,4,240,112,62,013645c8-bb313ab4_000004.jpg,640,640
car,264,223,17,10,013645c8-bb313ab4_000004.jpg,640,640
car,404,299,34,32,024512c0-bf32188b_000040.jpg,640,640
car,394,298,28,18,024512c0-bf32188b_000040.jpg,640,640
car,390,294,17,16,024512c0-bf32188b_000040.jpg,640,640
car,379,290,22,16,024512c0-bf32188b_000040.jpg,640,640
car,365,290,17,11,024512c0-bf32188b_000040.jpg,640,640
car,207,293,50,46,024512c0-bf32188b_000040.jpg,640,640
car,269,292,49,40,024512c0-bf32188b_000040.jpg,640,640
car,252,301,18,26,024512c0-bf32188b_000040.jpg,640,640
car,310,289,18,15,024512c0-bf32188b_000040.jpg,640,640
car,410,298,34,28,024512c0-bf32188b_000114.jpg,640,640
car,402,297,25,20,024512c0-bf32188b_000114.jpg,640,640
car,393,293,24,18,024512c0-bf32188b_000114.jpg,640,640
car,382,289,22,16,024512c0-bf32188b_000114.jpg,640,640
car,370,287,20,14,024512c0-bf32188b_000114.jpg,640,640
car,266,293,47,44,024512c0-bf32188b_000114.jpg,640,640
car,211,294,54,43,024512c0-bf32188b_000114.jpg,640,640
car,254,299,26,14,024512c0-bf32188b_000114.jpg,640,640
car,310,287,41,16,024512c0-bf32188b_000114.jpg,640,640
car,414,301,28,24,024512c0-bf32188b_000142.jpg,640,640
car,403,295,30,26,024512c0-bf32188b_000142.jpg,640,640
car,391,292,22,19,024512c0-bf32188b_000142.jpg,640,640
car,382,289,18,15,024512c0-bf32188b_000142.jpg,640,640
car,372,288,14,17,024512c0-bf32188b_000142.jpg,640,640
car,265,293,50,45,024512c0-bf32188b_000142.jpg,640,640
car,209,295,54,41,024512c0-bf32188b_000142.jpg,640,640
car,254,299,22,10,024512c0-bf32188b_000142.jpg,640,640
car,308,289,17,15,024512c0-bf32188b_000142.jpg,640,640
car,324,288,22,10,024512c0-bf32188b_000142.jpg,640,640
car,408,302,39,22,024512c0-bf32188b_000175.jpg,640,640
car,402,297,26,20,024512c0-bf32188b_000175.jpg,640,640
car,393,296,25,14,024512c0-bf32188b_000175.jpg,640,640
car,388,292,19,14,024512c0-bf32188b_000175.jpg,640,640
car,382,288,18,14,024512c0-bf32188b_000175.jpg,640,640
car,369,288,15,14,024512c0-bf32188b_000175.jpg,640,640
car,263,294,54,45,024512c0-bf32188b_000175.jpg,640,640
car,203,297,57,38,024512c0-bf32188b_000175.jpg,640,640
car,309,288,14,18,024512c0-bf32188b_000175.jpg,640,640
car,322,290,18,10,024512c0-bf32188b_000175.jpg,640,640
car,354,336,41,35,02504d95-8ede0c80_000169.jpg,640,640
car,337,341,18,19,02504d95-8ede0c80_000169.jpg,640,640
car,326,348,10,12,02504d95-8ede0c80_000169.jpg,640,640
car,317,343,13,17,02504d95-8ede0c80_000169.jpg,640,640
car,291,345,33,27,02504d95-8ede0c80_000169.jpg,640,640
car,184,336,62,47,02504d95-8ede0c80_000169.jpg,640,640
car,81,340,66,29,02504d95-8ede0c80_000169.jpg,640,640
car,1,363,42,125,02504d95-8ede0c80_000169.jpg,640,640
car,235,335,38,35,02504d95-8ede0c80_000169.jpg,640,640
car,265,333,18,28,02504d95-8ede0c80_000169.jpg,640,640
car,29,329,34,21,02504d95-8ede0c80_000169.jpg,640,640
car,4,336,19,10,02504d95-8ede0c80_000169.jpg,640,640
car,64,329,13,20,02504d95-8ede0c80_000169.jpg,640,640
car,546,345,27,13,02504d95-8ede0c80_000169.jpg,640,640
car,523,344,21,14,02504d95-8ede0c80_000169.jpg,640,640
car,477,343,28,14,02504d95-8ede0c80_000169.jpg,640,640
car,582,344,22,19,02504d95-8ede0c80_000176.jpg,640,640
car,551,346,31,14,02504d95-8ede0c80_000176.jpg,640,640
car,350,340,44,30,02504d95-8ede0c80_000176.jpg,640,640
car,337,341,18,23,02504d95-8ede0c80_000176.jpg,640,640
car,326,347,10,14,02504d95-8ede0c80_000176.jpg,640,640
car,291,344,33,28,02504d95-8ede0c80_000176.jpg,640,640
car,184,334,62,51,02504d95-8ede0c80_000176.jpg,640,640
car,233,334,34,34,02504d95-8ede0c80_000176.jpg,640,640
car,266,337,14,27,02504d95-8ede0c80_000176.jpg,640,640
car,274,336,18,20,02504d95-8ede0c80_000176.jpg,640,640
car,0,337,95,29,02504d95-8ede0c80_000176.jpg,640,640
car,0,370,24,112,02504d95-8ede0c80_000176.jpg,640,640
car,25,329,44,13,02504d95-8ede0c80_000176.jpg,640,640
car,492,346,24,12,02504d95-8ede0c80_000176.jpg,640,640
car,479,344,18,14,02504d95-8ede0c80_000176.jpg,640,640
car,538,344,18,14,02504d95-8ede0c80_000176.jpg,640,640
car,546,407,94,95,02927def-14c4c3cb_000043.jpg,640,640
car,584,336,56,43,02927def-14c4c3cb_000043.jpg,640,640
car,298,319,48,53,02927def-14c4c3cb_000043.jpg,640,640
car,284,337,23,23,02927def-14c4c3cb_000043.jpg,640,640
car,220,297,65,78,02927def-14c4c3cb_000043.jpg,640,640
car,209,336,20,26,02927def-14c4c3cb_000043.jpg,640,640
car,9,327,87,40,02927def-14c4c3cb_000043.jpg,640,640
car,489,337,92,43,02927def-14c4c3cb_000080.jpg,640,640
car,299,318,57,62,02927def-14c4c3cb_000080.jpg,640,640
car,282,340,24,26,02927def-14c4c3cb_000080.jpg,640,640
car,213,302,64,75,02927def-14c4c3cb_000080.jpg,640,640
car,196,340,24,25,02927def-14c4c3cb_000080.jpg,640,640
car,62,334,41,30,02927def-14c4c3cb_000080.jpg,640,640
car,600,344,40,43,02927def-14c4c3cb_000172.jpg,640,640
car,414,343,41,25,02927def-14c4c3cb_000172.jpg,640,640
car,309,313,70,76,02927def-14c4c3cb_000172.jpg,640,640
car,282,335,34,41,02927def-14c4c3cb_000172.jpg,640,640
car,220,300,62,87,02927def-14c4c3cb_000172.jpg,640,640
car,191,340,35,31,02927def-14c4c3cb_000172.jpg,640,640
car,622,304,18,84,0292ca07-128d078f_000182.jpg,640,640
car,551,303,66,49,0292ca07-128d078f_000182.jpg,640,640
car,530,303,31,28,0292ca07-128d078f_000182.jpg,640,640
car,498,306,41,22,0292ca07-128d078f_000182.jpg,640,640
car,472,305,29,20,0292ca07-128d078f_000182.jpg,640,640
car,418,308,37,27,0292ca07-128d078f_000182.jpg,640,640
car,391,306,23,13,0292ca07-128d078f_000182.jpg,640,640
car,370,303,21,14,0292ca07-128d078f_000182.jpg,640,640
car,331,300,18,19,0292ca07-128d078f_000182.jpg,640,640
car,302,301,33,33,0292ca07-128d078f_000182.jpg,640,640
car,295,290,20,22,0292ca07-128d078f_000182.jpg,640,640
car,276,300,16,13,0292ca07-128d078f_000182.jpg,640,640
car,258,299,16,15,0292ca07-128d078f_000182.jpg,640,640
car,144,263,78,64,0292ca07-128d078f_000182.jpg,640,640
car,137,290,36,19,0294d2b2-7f831a57_000029.jpg,640,640
car,229,300,22,13,0294d2b2-7f831a57_000029.jpg,640,640
car,287,304,15,9,0294d2b2-7f831a57_000029.jpg,640,640
car,269,296,16,13,0294d2b2-7f831a57_000029.jpg,640,640
car,189,286,20,10,0294d2b2-7f831a57_000029.jpg,640,640
car,217,290,14,10,0294d2b2-7f831a57_000029.jpg,640,640
car,229,296,31,6,0294d2b2-7f831a57_000029.jpg,640,640
car,81,281,70,36,0294d2b2-7f831a57_000039.jpg,640,640
car,181,280,25,19,0294d2b2-7f831a57_000039.jpg,640,640
car,213,288,14,10,0294d2b2-7f831a57_000039.jpg,640,640
car,223,288,38,11,0294d2b2-7f831a57_000039.jpg,640,640
car,235,297,17,11,0294d2b2-7f831a57_000039.jpg,640,640
car,270,293,14,14,0294d2b2-7f831a57_000039.jpg,640,640
car,285,299,14,6,0294d2b2-7f831a57_000039.jpg,640,640
car,300,301,10,7,0294d2b2-7f831a57_000039.jpg,640,640
car,157,271,26,26,0294d2b2-7f831a57_000064.jpg,640,640
car,199,288,21,14,0294d2b2-7f831a57_000064.jpg,640,640
car,245,295,21,14,0294d2b2-7f831a57_000064.jpg,640,640
car,263,292,14,13,0294d2b2-7f831a57_000064.jpg,640,640
car,279,292,12,12,0294d2b2-7f831a57_000064.jpg,640,640
car,330,302,24,12,0294d2b2-7f831a57_000064.jpg,640,640
car,218,284,28,16,0294d2b2-7f831a57_000064.jpg,640,640
car,62,251,63,54,0294d2b2-7f831a57_000087.jpg,640,640
car,153,285,38,20,0294d2b2-7f831a57_000087.jpg,640,640
car,190,283,24,18,0294d2b2-7f831a57_000087.jpg,640,640
car,217,288,21,11,0294d2b2-7f831a57_000087.jpg,640,640
car,250,290,32,18,0294d2b2-7f831a57_000087.jpg,640,640
car,361,296,21,13,0294d2b2-7f831a57_000087.jpg,640,640
car,65,275,76,25,0294d2b2-7f831a57_000119.jpg,640,640
car,94,280,79,29,0294d2b2-7f831a57_000119.jpg,640,640
car,143,276,57,29,0294d2b2-7f831a57_000119.jpg,640,640
car,209,290,27,17,0294d2b2-7f831a57_000119.jpg,640,640
car,241,290,12,14,0294d2b2-7f831a57_000119.jpg,640,640
car,279,295,29,16,0294d2b2-7f831a57_000119.jpg,640,640
car,378,295,17,11,0294d2b2-7f831a57_000119.jpg,640,640
car,505,301,133,165,02995fe4-158af38b_000017.jpg,640,640
car,438,304,111,82,02995fe4-158af38b_000017.jpg,640,640
car,385,348,31,24,02995fe4-158af38b_000017.jpg,640,640
car,303,304,78,63,02995fe4-158af38b_000017.jpg,640,640
car,294,294,19,19,02995fe4-158af38b_000017.jpg,640,640
car,115,285,133,120,02995fe4-158af38b_000017.jpg,640,640
car,599,356,41,131,02995fe4-158af38b_000033.jpg,640,640
car,454,304,186,115,02995fe4-158af38b_000033.jpg,640,640
car,390,355,28,17,02995fe4-158af38b_000033.jpg,640,640
car,374,316,26,24,02995fe4-158af38b_000033.jpg,640,640
car,294,309,87,78,02995fe4-158af38b_000033.jpg,640,640
car,290,293,18,14,02995fe4-158af38b_000033.jpg,640,640
car,247,332,25,14,02995fe4-158af38b_000033.jpg,640,640
car,265,304,27,24,02995fe4-158af38b_000033.jpg,640,640
car,201,344,45,37,02995fe4-158af38b_000033.jpg,640,640
car,0,303,191,92,02995fe4-158af38b_000033.jpg,640,640
car,524,317,116,168,02995fe4-158af38b_000061.jpg,640,640
car,385,358,40,27,02995fe4-158af38b_000061.jpg,640,640
car,380,342,31,19,02995fe4-158af38b_000061.jpg,640,640
car,370,325,33,22,02995fe4-158af38b_000061.jpg,640,640
car,368,313,26,18,02995fe4-158af38b_000061.jpg,640,640
car,365,300,23,14,02995fe4-158af38b_000061.jpg,640,640
car,358,287,22,17,02995fe4-158af38b_000061.jpg,640,640
car,175,354,46,32,02995fe4-158af38b_000061.jpg,640,640
car,201,342,34,28,02995fe4-158af38b_000061.jpg,640,640
car,233,320,30,30,02995fe4-158af38b_000061.jpg,640,640
car,261,310,20,21,02995fe4-158af38b_000061.jpg,640,640
car,280,298,20,16,02995fe4-158af38b_000061.jpg,640,640
car,298,289,20,14,02995fe4-158af38b_000061.jpg,640,640
car,317,292,24,8,02995fe4-158af38b_000061.jpg,640,640
car,262,323,103,81,02995fe4-158af38b_000061.jpg,640,640
car,390,353,43,38,02995fe4-158af38b_000079.jpg,640,640
car,379,339,36,30,02995fe4-158af38b_000079.jpg,640,640
car,378,324,26,18,02995fe4-158af38b_000079.jpg,640,640
car,372,311,26,18,02995fe4-158af38b_000079.jpg,640,640
car,372,300,21,14,02995fe4-158af38b_000079.jpg,640,640
car,365,293,20,13,02995fe4-158af38b_000079.jpg,640,640
car,358,283,19,15,02995fe4-158af38b_000079.jpg,640,640
car,161,350,58,42,02995fe4-158af38b_000079.jpg,640,640
car,213,337,123,78,02995fe4-158af38b_000079.jpg,640,640
car,296,286,18,13,02995fe4-158af38b_000079.jpg,640,640
car,282,292,18,14,02995fe4-158af38b_000079.jpg,640,640
car,253,304,26,26,02995fe4-158af38b_000079.jpg,640,640
car,201,330,43,32,02995fe4-158af38b_000079.jpg,640,640
car,146,140,396,303,02995fe4-e81dc93c_000013.jpg,640,640
car,97,314,62,28,02995fe4-e81dc93c_000013.jpg,640,640
car,68,322,54,24,02995fe4-e81dc93c_000013.jpg,640,640
car,2,332,33,26,02995fe4-e81dc93c_000013.jpg,640,640
car,148,139,396,304,02995fe4-e81dc93c_000082.jpg,640,640
car,63,316,74,27,02995fe4-e81dc93c_000082.jpg,640,640
car,1,324,38,34,02995fe4-e81dc93c_000082.jpg,640,640
car,148,139,394,301,02995fe4-e81dc93c_000119.jpg,640,640
car,43,318,95,27,02995fe4-e81dc93c_000119.jpg,640,640
car,0,327,39,31,02995fe4-e81dc93c_000119.jpg,640,640
car,493,193,40,19,0276479f-a8bfbd53_000007.jpg,640,640
car,457,194,44,21,0276479f-a8bfbd53_000007.jpg,640,640
car,364,183,46,33,0276479f-a8bfbd53_000007.jpg,640,640
car,343,184,27,27,0276479f-a8bfbd53_000007.jpg,640,640
car,298,187,49,26,0276479f-a8bfbd53_000007.jpg,640,640
car,330,180,26,22,0276479f-a8bfbd53_000007.jpg,640,640
car,135,177,61,23,0276479f-a8bfbd53_000007.jpg,640,640
car,106,177,58,18,0276479f-a8bfbd53_000007.jpg,640,640
car,28,175,64,23,0276479f-a8bfbd53_000007.jpg,640,640
car,0,172,30,33,0276479f-a8bfbd53_000007.jpg,640,640
car,467,195,77,34,0276479f-a8bfbd53_000094.jpg,640,640
car,414,191,58,34,0276479f-a8bfbd53_000094.jpg,640,640
car,270,185,77,54,0276479f-a8bfbd53_000094.jpg,640,640
car,190,179,78,41,0276479f-a8bfbd53_000094.jpg,640,640
car,0,183,142,99,0276479f-a8bfbd53_000094.jpg,640,640
car,176,183,24,20,0276479f-a8bfbd53_000094.jpg,640,640
car,75,179,106,41,0276479f-a8bfbd53_000108.jpg,640,640
car,193,184,71,50,0276479f-a8bfbd53_000108.jpg,640,640
car,495,207,71,41,0276479f-a8bfbd53_000108.jpg,640,640
car,416,198,96,31,0276479f-a8bfbd53_000108.jpg,640,640
car,352,193,69,30,0276479f-a8bfbd53_000108.jpg,640,640
car,0,207,175,177,0276479f-a8bfbd53_000191.jpg,640,640
car,0,188,200,84,0276479f-a8bfbd53_000191.jpg,640,640
car,183,179,68,46,0276479f-a8bfbd53_000191.jpg,640,640
car,163,191,49,67,0276479f-a8bfbd53_000191.jpg,640,640
car,476,181,38,22,0276479f-a8bfbd53_000191.jpg,640,640
car,435,181,35,20,0276479f-a8bfbd53_000191.jpg,640,640
car,401,179,30,19,0276479f-a8bfbd53_000191.jpg,640,640
car,344,183,39,25,0276479f-a8bfbd53_000191.jpg,640,640
car,302,183,40,34,0276479f-a8bfbd53_000191.jpg,640,640
car,259,180,45,23,0276479f-a8bfbd53_000191.jpg,640,640
car,234,187,34,20,0276479f-a8bfbd53_000191.jpg,640,640
car,2,189,144,95,0276479f-a8bfbd53_000200.jpg,640,640
car,75,173,51,30,0276479f-a8bfbd53_000200.jpg,640,640
car,134,183,65,49,0276479f-a8bfbd53_000200.jpg,640,640
car,186,186,26,17,0276479f-a8bfbd53_000200.jpg,640,640
car,201,187,22,15,0276479f-a8bfbd53_000200.jpg,640,640
car,213,185,27,20,0276479f-a8bfbd53_000200.jpg,640,640
car,233,187,24,13,0276479f-a8bfbd53_000200.jpg,640,640
car,266,188,38,31,0276479f-a8bfbd53_000200.jpg,640,640
car,318,180,25,27,0276479f-a8bfbd53_000200.jpg,640,640
car,370,178,26,30,0276479f-a8bfbd53_000200.jpg,640,640
car,413,182,25,20,0276479f-a8bfbd53_000200.jpg,640,640
car,489,186,28,18,0276479f-a8bfbd53_000200.jpg,640,640
car,451,184,18,14,0276479f-a8bfbd53_000200.jpg,640,640
car,385,296,29,21,028258e3-9d6e3ffa_000124.jpg,640,640
car,413,294,23,20,028258e3-9d6e3ffa_000124.jpg,640,640
car,343,309,34,22,028258e3-9d6e3ffa_000124.jpg,640,640
car,329,311,19,14,028258e3-9d6e3ffa_000124.jpg,640,640
car,298,309,26,21,028258e3-9d6e3ffa_000124.jpg,640,640
car,127,314,64,34,028258e3-9d6e3ffa_000124.jpg,640,640
car,196,311,36,24,028258e3-9d6e3ffa_000124.jpg,640,640
car,229,304,22,25,028258e3-9d6e3ffa_000124.jpg,640,640
car,250,307,14,17,028258e3-9d6e3ffa_000124.jpg,640,640
car,262,307,10,16,028258e3-9d6e3ffa_000124.jpg,640,640
car,273,304,18,16,028258e3-9d6e3ffa_000124.jpg,640,640
car,507,292,18,24,028258e3-9d6e3ffa_000124.jpg,640,640
car,514,289,21,22,028258e3-9d6e3ffa_000127.jpg,640,640
car,386,298,32,18,028258e3-9d6e3ffa_000127.jpg,640,640
car,416,295,25,18,028258e3-9d6e3ffa_000127.jpg,640,640
car,342,293,42,39,028258e3-9d6e3ffa_000127.jpg,640,640
car,331,308,15,19,028258e3-9d6e3ffa_000127.jpg,640,640
car,327,304,13,17,028258e3-9d6e3ffa_000127.jpg,640,640
car,299,308,27,23,028258e3-9d6e3ffa_000127.jpg,640,640
car,120,308,66,44,028258e3-9d6e3ffa_000127.jpg,640,640
car,197,307,33,30,028258e3-9d6e3ffa_000127.jpg,640,640
car,221,308,30,22,028258e3-9d6e3ffa_000127.jpg,640,640
car,251,308,18,15,028258e3-9d6e3ffa_000127.jpg,640,640
car,274,303,24,14,028258e3-9d6e3ffa_000127.jpg,640,640
car,570,288,33,23,028258e3-9d6e3ffa_000178.jpg,640,640
car,478,288,42,26,028258e3-9d6e3ffa_000178.jpg,640,640
car,394,284,83,62,028258e3-9d6e3ffa_000178.jpg,640,640
car,371,304,28,22,028258e3-9d6e3ffa_000178.jpg,640,640
car,400,300,18,26,028258e3-9d6e3ffa_000178.jpg,640,640
car,369,293,22,24,028258e3-9d6e3ffa_000178.jpg,640,640
car,357,301,14,17,028258e3-9d6e3ffa_000178.jpg,640,640
car,322,296,28,26,028258e3-9d6e3ffa_000178.jpg,640,640
car,129,292,76,50,028258e3-9d6e3ffa_000178.jpg,640,640
car,204,296,47,30,028258e3-9d6e3ffa_000178.jpg,640,640
car,254,300,23,18,028258e3-9d6e3ffa_000178.jpg,640,640
car,277,298,10,19,028258e3-9d6e3ffa_000178.jpg,640,640
car,292,299,12,13,028258e3-9d6e3ffa_000178.jpg,640,640
car,306,295,12,13,028258e3-9d6e3ffa_000178.jpg,640,640
car,0,307,28,95,028258e3-9d6e3ffa_000178.jpg,640,640
car,561,322,79,102,02858212-eea55b78_000023.jpg,640,640
car,471,320,103,79,02858212-eea55b78_000023.jpg,640,640
car,431,331,74,50,02858212-eea55b78_000023.jpg,640,640
car,397,334,37,34,02858212-eea55b78_000023.jpg,640,640
car,358,334,33,22,02858212-eea55b78_000023.jpg,640,640
car,337,337,20,12,02858212-eea55b78_000023.jpg,640,640
car,312,338,18,14,02858212-eea55b78_000023.jpg,640,640
car,87,352,44,20,02858212-eea55b78_000023.jpg,640,640
car,140,345,38,14,02858212-eea55b78_000023.jpg,640,640
car,186,344,18,16,02858212-eea55b78_000023.jpg,640,640
car,225,341,24,15,02858212-eea55b78_000023.jpg,640,640
car,252,340,39,14,02858212-eea55b78_000023.jpg,640,640
car,399,330,61,40,02858212-eea55b78_000167.jpg,640,640
car,385,328,25,34,02858212-eea55b78_000167.jpg,640,640
car,364,331,29,27,02858212-eea55b78_000167.jpg,640,640
car,336,332,17,14,02858212-eea55b78_000167.jpg,640,640
car,313,336,14,11,02858212-eea55b78_000167.jpg,640,640
car,262,338,20,11,02858212-eea55b78_000167.jpg,640,640
car,63,347,65,30,02858212-eea55b78_000167.jpg,640,640
car,165,339,26,22,02858212-eea55b78_000167.jpg,640,640
car,127,345,25,19,02858212-eea55b78_000167.jpg,640,640
car,258,322,47,37,028584e7-6a14163e_000076.jpg,640,640
car,44,325,147,78,028584e7-6a14163e_000076.jpg,640,640
car,317,320,22,15,028584e7-6a14163e_000076.jpg,640,640
car,0,332,35,25,028584e7-6a14163e_000076.jpg,640,640
car,203,323,29,18,028584e7-6a14163e_000076.jpg,640,640
car,242,315,16,16,028584e7-6a14163e_000076.jpg,640,640
car,531,296,92,48,029407d6-ca53347d_000012.jpg,640,640
car,407,290,169,91,029407d6-ca53347d_000012.jpg,640,640
car,383,277,42,36,029407d6-ca53347d_000012.jpg,640,640
car,337,277,38,34,029407d6-ca53347d_000012.jpg,640,640
car,281,276,66,64,029407d6-ca53347d_000012.jpg,640,640
car,51,283,265,163,029407d6-ca53347d_000012.jpg,640,640
car,0,282,153,95,029407d6-ca53347d_000012.jpg,640,640
car,205,267,56,19,029407d6-ca53347d_000012.jpg,640,640
car,495,303,77,37,029407d6-ca53347d_000031.jpg,640,640
car,392,296,113,66,029407d6-ca53347d_000031.jpg,640,640
car,381,288,37,23,029407d6-ca53347d_000031.jpg,640,640
car,340,286,35,26,029407d6-ca53347d_000031.jpg,640,640
car,295,284,57,51,029407d6-ca53347d_000031.jpg,640,640
car,133,290,208,139,029407d6-ca53347d_000031.jpg,640,640
car,88,283,85,46,029407d6-ca53347d_000031.jpg,640,640
car,0,293,134,159,029407d6-ca53347d_000031.jpg,640,640
car,197,274,56,25,029407d6-ca53347d_000031.jpg,640,640
car,167,279,30,30,029407d6-ca53347d_000031.jpg,640,640
car,473,294,75,41,029407d6-ca53347d_000055.jpg,640,640
car,383,292,80,50,029407d6-ca53347d_000055.jpg,640,640
car,376,284,33,26,029407d6-ca53347d_000055.jpg,640,640
car,343,284,34,30,029407d6-ca53347d_000055.jpg,640,640
car,187,291,173,127,029407d6-ca53347d_000055.jpg,640,640
car,173,267,78,80,029407d6-ca53347d_000055.jpg,640,640
car,129,284,55,44,029407d6-ca53347d_000055.jpg,640,640
car,42,283,118,53,029407d6-ca53347d_000055.jpg,640,640
car,0,354,42,115,029407d6-ca53347d_000055.jpg,640,640
car,273,284,75,43,029407d6-ca53347d_000055.jpg,640,640
car,437,294,61,31,029407d6-ca53347d_000109.jpg,640,640
car,481,288,154,74,029407d6-ca53347d_000109.jpg,640,640
car,364,291,50,39,029407d6-ca53347d_000109.jpg,640,640
car,354,286,37,18,029407d6-ca53347d_000109.jpg,640,640
car,237,287,139,119,029407d6-ca53347d_000109.jpg,640,640
car,0,248,204,180,029407d6-ca53347d_000109.jpg,640,640
car,184,288,58,46,029407d6-ca53347d_000109.jpg,640,640
car,239,288,30,32,029407d6-ca53347d_000109.jpg,640,640
car,415,284,76,43,029407d6-ca53347d_000163.jpg,640,640
car,342,281,49,38,029407d6-ca53347d_000163.jpg,640,640
car,213,284,158,128,029407d6-ca53347d_000163.jpg,640,640
car,0,282,189,113,029407d6-ca53347d_000163.jpg,640,640
car,145,281,74,50,029407d6-ca53347d_000163.jpg,640,640
car,217,281,40,30,029407d6-ca53347d_000163.jpg,640,640
car,408,278,82,53,029407d6-ca53347d_000164.jpg,640,640
car,342,283,53,38,029407d6-ca53347d_000164.jpg,640,640
car,209,283,165,139,029407d6-ca53347d_000164.jpg,640,640
car,0,279,183,117,029407d6-ca53347d_000164.jpg,640,640
car,143,280,76,53,029407d6-ca53347d_000164.jpg,640,640
car,214,276,37,34,029407d6-ca53347d_000164.jpg,640,640
car,535,295,104,97,029407d6-ca53347d_000198.jpg,640,640
car,377,282,53,38,029407d6-ca53347d_000198.jpg,640,640
car,326,280,42,34,029407d6-ca53347d_000198.jpg,640,640
car,1,276,130,173,029407d6-ca53347d_000198.jpg,640,640
car,93,278,94,68,029407d6-ca53347d_000198.jpg,640,640
car,194,279,43,39,029407d6-ca53347d_000198.jpg,640,640
car,185,282,179,137,029407d6-ca53347d_000198.jpg,640,640
car,582,303,55,99,0298709e-771de5a8_000007.jpg,640,640
car,363,278,31,22,0298709e-771de5a8_000007.jpg,640,640
car,350,280,14,12,0298709e-771de5a8_000007.jpg,640,640
car,332,278,14,7,0298709e-771de5a8_000007.jpg,640,640
car,319,276,14,8,0298709e-771de5a8_000007.jpg,640,640
car,303,276,14,9,0298709e-771de5a8_000007.jpg,640,640
car,96,252,127,66,0298709e-771de5a8_000007.jpg,640,640
car,221,278,19,18,0298709e-771de5a8_000007.jpg,640,640
car,252,276,18,15,0298709e-771de5a8_000007.jpg,640,640
car,272,274,26,12,0298709e-771de5a8_000007.jpg,640,640
car,591,301,45,114,0298709e-771de5a8_000149.jpg,640,640
car,362,277,34,22,0298709e-771de5a8_000149.jpg,640,640
car,348,280,18,12,0298709e-771de5a8_000149.jpg,640,640
car,335,276,8,10,0298709e-771de5a8_000149.jpg,640,640
car,319,276,13,10,0298709e-771de5a8_000149.jpg,640,640
car,309,276,10,10,0298709e-771de5a8_000149.jpg,640,640
car,91,255,138,55,0298709e-771de5a8_000149.jpg,640,640
car,252,278,18,14,0298709e-771de5a8_000149.jpg,640,640
car,270,277,16,10,0298709e-771de5a8_000149.jpg,640,640
car,287,276,21,11,0298709e-771de5a8_000149.jpg,640,640
car,409,322,229,121,029968d6-9eea29a2_000026.jpg,640,640
car,250,323,115,91,029968d6-9eea29a2_000026.jpg,640,640
car,233,327,32,30,029968d6-9eea29a2_000026.jpg,640,640
car,202,332,27,19,029968d6-9eea29a2_000026.jpg,640,640
car,407,320,233,133,029968d6-9eea29a2_000048.jpg,640,640
car,251,320,111,87,029968d6-9eea29a2_000048.jpg,640,640
car,234,328,34,25,029968d6-9eea29a2_000048.jpg,640,640
car,202,331,37,22,029968d6-9eea29a2_000048.jpg,640,640
car,411,320,229,129,029968d6-9eea29a2_000051.jpg,640,640
car,250,321,111,89,029968d6-9eea29a2_000051.jpg,640,640
car,234,327,32,22,029968d6-9eea29a2_000051.jpg,640,640
car,203,332,28,17,029968d6-9eea29a2_000051.jpg,640,640
car,0,323,56,42,029968d6-9eea29a2_000059.jpg,640,640
car,205,329,22,22,029968d6-9eea29a2_000059.jpg,640,640
car,234,327,28,22,029968d6-9eea29a2_000059.jpg,640,640
car,260,321,103,87,029968d6-9eea29a2_000059.jpg,640,640
car,411,324,228,123,029968d6-9eea29a2_000059.jpg,640,640
car,619,336,21,26,029968d6-9eea29a2_000059.jpg,640,640
car,540,319,100,46,029968d6-9eea29a2_000128.jpg,640,640
car,416,322,224,127,029968d6-9eea29a2_000128.jpg,640,640
car,254,323,103,85,029968d6-9eea29a2_000128.jpg,640,640
car,233,330,32,21,029968d6-9eea29a2_000128.jpg,640,640
car,204,334,28,18,029968d6-9eea29a2_000128.jpg,640,640
car,0,325,105,39,029968d6-9eea29a2_000128.jpg,640,640
car,601,317,39,39,029968d6-9eea29a2_000139.jpg,640,640
car,411,326,229,120,029968d6-9eea29a2_000139.jpg,640,640
car,254,320,101,87,029968d6-9eea29a2_000139.jpg,640,640
car,203,332,25,26,029968d6-9eea29a2_000139.jpg,640,640
car,232,328,31,31,029968d6-9eea29a2_000139.jpg,640,640
car,571,328,67,127,00a2e3ca-5c856cde_000038.jpg,640,640
car,444,318,132,100,00a2e3ca-5c856cde_000038.jpg,640,640
car,428,297,74,59,00a2e3ca-5c856cde_000038.jpg,640,640
car,336,300,46,32,00a2e3ca-5c856cde_000038.jpg,640,640
car,196,306,162,134,00a2e3ca-5c856cde_000038.jpg,640,640
car,39,318,35,9,00a2e3ca-5c856cde_000038.jpg,640,640
car,141,311,37,16,00a2e3ca-5c856cde_000038.jpg,640,640
car,188,312,48,17,00a2e3ca-5c856cde_000038.jpg,640,640
car,401,301,28,23,00a2e3ca-5c856cde_000038.jpg,640,640
car,515,295,60,21,00a2e3ca-5c856cde_000038.jpg,640,640
car,569,275,26,36,00a2e3ca-5c856cde_000038.jpg,640,640
car,596,270,30,25,00a2e3ca-5c856cde_000038.jpg,640,640
car,520,280,27,17,00a2e3ca-5c856cde_000038.jpg,640,640
car,206,472,150,20,00a2e3ca-5c856cde_000038.jpg,640,640
car,205,471,133,21,00a2e3ca-5c856cde_000076.jpg,640,640
car,480,322,158,141,00a2e3ca-5c856cde_000076.jpg,640,640
car,446,297,96,59,00a2e3ca-5c856cde_000076.jpg,640,640
car,194,311,149,118,00a2e3ca-5c856cde_000076.jpg,640,640
car,529,295,55,35,00a2e3ca-5c856cde_000076.jpg,640,640
car,597,298,0,1,00a2e3ca-5c856cde_000076.jpg,640,640
car,569,281,44,37,00a2e3ca-5c856cde_000076.jpg,640,640
car,537,277,30,25,00a2e3ca-5c856cde_000076.jpg,640,640
car,497,285,38,22,00a2e3ca-5c856cde_000076.jpg,640,640
car,414,295,52,38,00a2e3ca-5c856cde_000076.jpg,640,640
car,333,297,59,35,00a2e3ca-5c856cde_000076.jpg,640,640
car,183,311,38,22,00a2e3ca-5c856cde_000076.jpg,640,640
car,130,312,49,22,00a2e3ca-5c856cde_000076.jpg,640,640
car,58,317,36,23,00a2e3ca-5c856cde_000076.jpg,640,640
car,94,314,27,21,00a2e3ca-5c856cde_000076.jpg,640,640
car,474,284,22,16,00a2e3ca-5c856cde_000076.jpg,640,640
car,182,307,112,91,00a2e3ca-5c856cde_000107.jpg,640,640
car,522,339,117,123,00a2e3ca-5c856cde_000107.jpg,640,640
car,458,295,131,76,00a2e3ca-5c856cde_000107.jpg,640,640
car,555,297,55,48,00a2e3ca-5c856cde_000107.jpg,640,640
car,595,276,38,53,00a2e3ca-5c856cde_000107.jpg,640,640
car,554,273,39,26,00a2e3ca-5c856cde_000107.jpg,640,640
car,517,284,31,23,00a2e3ca-5c856cde_000107.jpg,640,640
car,481,284,30,25,00a2e3ca-5c856cde_000107.jpg,640,640
car,420,293,55,36,00a2e3ca-5c856cde_000107.jpg,640,640
car,331,300,68,48,00a2e3ca-5c856cde_000107.jpg,640,640
car,126,310,46,32,00a2e3ca-5c856cde_000107.jpg,640,640
car,61,317,30,30,00a2e3ca-5c856cde_000107.jpg,640,640
car,32,317,32,23,00a2e3ca-5c856cde_000107.jpg,640,640
car,104,310,60,42,00a2e3ca-5c856cde_000172.jpg,640,640
car,167,317,39,21,00a2e3ca-5c856cde_000172.jpg,640,640
car,206,306,47,36,00a2e3ca-5c856cde_000172.jpg,640,640
car,251,307,47,35,00a2e3ca-5c856cde_000172.jpg,640,640
car,328,305,78,37,00a2e3ca-5c856cde_000172.jpg,640,640
car,71,314,30,26,00a2e3ca-5c856cde_000172.jpg,640,640
car,36,317,32,30,00a2e3ca-5c856cde_000172.jpg,640,640
car,4,314,32,26,00a2e3ca-5c856cde_000172.jpg,640,640
car,430,295,76,43,00a2e3ca-5c856cde_000172.jpg,640,640
car,554,290,86,123,00a2e3ca-5c856cde_000172.jpg,640,640
car,494,279,44,41,00a2e3ca-5c856cde_000172.jpg,640,640
car,538,279,17,23,00a2e3ca-5c856cde_000172.jpg,640,640
car,430,240,210,180,00d8944b-e157478b_000021.jpg,640,640
car,367,303,72,83,00d8944b-e157478b_000021.jpg,640,640
car,248,295,74,72,00d8944b-e157478b_000021.jpg,640,640
car,173,307,30,26,00d8944b-e157478b_000021.jpg,640,640
car,204,300,35,35,00d8944b-e157478b_000021.jpg,640,640
car,3,260,121,94,00d8944b-e157478b_000021.jpg,640,640
car,132,291,44,46,00d8944b-e157478b_000021.jpg,640,640
car,340,313,33,21,00d8944b-e157478b_000021.jpg,640,640
car,415,258,225,176,00d8944b-e157478b_000141.jpg,640,640
car,358,307,68,69,00d8944b-e157478b_000141.jpg,640,640
car,303,307,31,32,00d8944b-e157478b_000141.jpg,640,640
car,261,311,43,38,00d8944b-e157478b_000141.jpg,640,640
car,346,322,18,14,00d8944b-e157478b_000141.jpg,640,640
car,0,281,79,70,00d8944b-e157478b_000141.jpg,640,640
car,87,285,65,52,00d8944b-e157478b_000141.jpg,640,640
car,120,316,53,25,00d8944b-e157478b_000141.jpg,640,640
car,174,311,26,21,00d8944b-e157478b_000141.jpg,640,640
car,196,297,57,37,00d8944b-e157478b_000141.jpg,640,640
car,397,270,240,163,00d8944b-e157478b_000192.jpg,640,640
car,343,300,69,79,00d8944b-e157478b_000192.jpg,640,640
car,305,303,35,41,00d8944b-e157478b_000192.jpg,640,640
car,253,296,41,47,00d8944b-e157478b_000192.jpg,640,640
car,0,297,29,47,00d8944b-e157478b_000192.jpg,640,640
car,31,292,81,49,00d8944b-e157478b_000192.jpg,640,640
car,74,275,70,62,00d8944b-e157478b_000192.jpg,640,640
car,147,296,72,39,00d8944b-e157478b_000192.jpg,640,640
car,222,282,21,53,00d8944b-e157478b_000192.jpg,640,640
car,3,291,133,162,01c9256f-b4754064_000035.jpg,640,640
car,134,282,52,54,01c9256f-b4754064_000035.jpg,640,640
car,189,279,27,42,01c9256f-b4754064_000035.jpg,640,640
car,206,242,73,88,01c9256f-b4754064_000035.jpg,640,640
car,275,277,44,59,01c9256f-b4754064_000035.jpg,640,640
car,0,286,136,165,01c9256f-b4754064_000045.jpg,640,640
car,135,279,59,55,01c9256f-b4754064_000045.jpg,640,640
car,282,277,44,63,01c9256f-b4754064_000045.jpg,640,640
car,219,226,62,109,01c9256f-b4754064_000045.jpg,640,640
car,189,284,27,32,01c9256f-b4754064_000045.jpg,640,640
car,0,280,180,170,01c9256f-b4754064_000070.jpg,640,640
car,174,297,47,30,01c9256f-b4754064_000070.jpg,640,640
car,219,282,27,32,01c9256f-b4754064_000070.jpg,640,640
car,243,237,62,89,01c9256f-b4754064_000070.jpg,640,640
car,309,282,41,48,01c9256f-b4754064_000070.jpg,640,640
car,241,287,120,111,01c9256f-b4754064_000184.jpg,640,640
car,95,295,129,91,01c9256f-b4754064_000184.jpg,640,640
car,363,290,36,35,01c9256f-b4754064_000184.jpg,640,640
car,305,245,52,69,01c9256f-b4754064_000184.jpg,640,640
car,229,295,38,30,01c9256f-b4754064_000184.jpg,640,640
car,2,281,32,31,01c9256f-b4754064_000184.jpg,640,640
car,41,282,41,25,01c9256f-b4754064_000184.jpg,640,640
car,90,282,86,20,01c9256f-b4754064_000184.jpg,640,640
car,182,279,59,14,01c9256f-b4754064_000184.jpg,640,640
car,476,297,163,127,01cde341-bde786dc_000183.jpg,640,640
car,370,324,118,67,01cde341-bde786dc_000183.jpg,640,640
car,374,290,67,49,01cde341-bde786dc_000183.jpg,640,640
car,238,300,126,110,01cde341-bde786dc_000183.jpg,640,640
car,199,310,60,54,01cde341-bde786dc_000183.jpg,640,640
car,135,314,80,81,01cde341-bde786dc_000183.jpg,640,640
car,110,316,58,58,01cde341-bde786dc_000183.jpg,640,640
car,68,319,52,32,01cde341-bde786dc_000183.jpg,640,640
car,25,327,53,30,01cde341-bde786dc_000183.jpg,640,640
car,0,332,24,37,01cde341-bde786dc_000183.jpg,640,640
car,500,298,140,109,01cde341-bde786dc_000192.jpg,640,640
car,378,322,137,67,01cde341-bde786dc_000192.jpg,640,640
car,381,295,68,44,01cde341-bde786dc_000192.jpg,640,640
car,337,318,39,27,01cde341-bde786dc_000192.jpg,640,640
car,238,305,104,91,01cde341-bde786dc_000192.jpg,640,640
car,183,312,62,57,01cde341-bde786dc_000192.jpg,640,640
car,102,317,95,90,01cde341-bde786dc_000192.jpg,640,640
car,81,319,26,47,01cde341-bde786dc_000192.jpg,640,640
car,62,323,25,25,01cde341-bde786dc_000192.jpg,640,640
car,19,327,42,31,01cde341-bde786dc_000192.jpg,640,640
car,2,326,14,30,01cde341-bde786dc_000192.jpg,640,640
car,458,317,134,97,01ee7c33-667e3aa0_000007.jpg,640,640
car,269,326,238,88,01ee7c33-667e3aa0_000007.jpg,640,640
car,172,317,133,53,01ee7c33-667e3aa0_000007.jpg,640,640
car,35,316,85,43,01ee7c33-667e3aa0_000007.jpg,640,640
car,0,310,39,41,01ee7c33-667e3aa0_000007.jpg,640,640
car,394,323,190,70,01ee7c33-667e3aa0_000065.jpg,640,640
car,189,312,199,83,01ee7c33-667e3aa0_000065.jpg,640,640
car,172,322,80,37,01ee7c33-667e3aa0_000065.jpg,640,640
car,35,314,81,52,01ee7c33-667e3aa0_000065.jpg,640,640
car,2,306,47,48,01ee7c33-667e3aa0_000065.jpg,640,640
car,573,351,67,89,01ee7c33-667e3aa0_000194.jpg,640,640
car,394,323,190,75,01ee7c33-667e3aa0_000194.jpg,640,640
car,177,317,121,54,01ee7c33-667e3aa0_000194.jpg,640,640
car,34,314,81,42,01ee7c33-667e3aa0_000194.jpg,640,640
car,0,314,42,36,01ee7c33-667e3aa0_000194.jpg,640,640
car,231,250,243,191,02a0f142-c9c4b7d5_000096.jpg,640,640
car,0,292,152,190,02a0f142-c9c4b7d5_000096.jpg,640,640
car,73,293,154,102,02a0f142-c9c4b7d5_000096.jpg,640,640
car,437,263,202,153,02a0f142-c9c4b7d5_000096.jpg,640,640
car,443,297,192,173,02a26ce5-42f8fd75_000045.jpg,640,640
car,108,326,163,128,02a26ce5-42f8fd75_000045.jpg,640,640
car,0,423,16,0,02a26ce5-42f8fd75_000045.jpg,640,640
car,0,353,49,88,02a26ce5-42f8fd75_000045.jpg,640,640
car,270,332,39,31,02a26ce5-42f8fd75_000045.jpg,640,640
car,469,317,171,148,02a26ce5-42f8fd75_000125.jpg,640,640
car,446,339,74,28,02a26ce5-42f8fd75_000125.jpg,640,640
car,285,339,27,25,02a26ce5-42f8fd75_000125.jpg,640,640
car,266,334,30,26,02a26ce5-42f8fd75_000125.jpg,640,640
car,114,327,163,123,02a26ce5-42f8fd75_000125.jpg,640,640
car,0,364,34,76,02a26ce5-42f8fd75_000125.jpg,640,640
car,370,324,51,37,02a26ce5-597cae3f_000073.jpg,640,640
car,4,324,88,43,02a26ce5-597cae3f_000073.jpg,640,640
car,97,326,55,36,02a26ce5-597cae3f_000073.jpg,640,640
car,156,324,35,27,02a26ce5-597cae3f_000073.jpg,640,640
car,194,324,32,26,02a26ce5-597cae3f_000073.jpg,640,640
car,229,327,33,27,02a26ce5-597cae3f_000073.jpg,640,640
car,285,330,23,16,02a26ce5-597cae3f_000073.jpg,640,640
car,314,327,23,20,02a26ce5-597cae3f_000073.jpg,640,640
car,338,324,28,15,02a26ce5-597cae3f_000073.jpg,640,640
car,364,328,125,80,02a26ce5-597cae3f_000197.jpg,640,640
car,312,329,48,39,02a26ce5-597cae3f_000197.jpg,640,640
car,289,332,21,22,02a26ce5-597cae3f_000197.jpg,640,640
car,153,332,55,38,02a26ce5-597cae3f_000197.jpg,640,640
car,4,345,68,38,02a26ce5-597cae3f_000197.jpg,640,640
car,217,317,44,37,02a26ce5-597cae3f_000197.jpg,640,640
car,92,340,36,28,02a26ce5-597cae3f_000197.jpg,640,640
car,60,344,36,25,02a26ce5-597cae3f_000197.jpg,640,640
car,124,339,26,31,02a26ce5-597cae3f_000197.jpg,640,640
car,269,330,16,18,02a26ce5-597cae3f_000197.jpg,640,640
car,4,256,205,132,02a70c1f-6f18e57f_000010.jpg,640,640
car,369,269,42,38,02a70c1f-6f18e57f_000010.jpg,640,640
car,116,253,97,55,02a7e164-14ba1015_000006.jpg,640,640
car,268,266,35,28,02a7e164-14ba1015_000006.jpg,640,640
car,301,263,28,23,02a7e164-14ba1015_000006.jpg,640,640
car,409,263,74,57,02a7e164-14ba1015_000006.jpg,640,640
car,145,260,89,54,02a7e164-14ba1015_000089.jpg,640,640
car,272,263,33,39,02a7e164-14ba1015_000089.jpg,640,640
car,307,260,27,30,02a7e164-14ba1015_000089.jpg,640,640
car,393,260,99,64,02a7e164-14ba1015_000089.jpg,640,640
car,2,295,131,123,02a46296-9d712df2_000052.jpg,640,640
car,114,311,78,83,02a46296-9d712df2_000052.jpg,640,640
car,177,319,54,48,02a46296-9d712df2_000052.jpg,640,640
car,215,312,41,31,02a46296-9d712df2_000052.jpg,640,640
car,409,317,123,76,02a46296-9d712df2_000052.jpg,640,640
car,363,323,55,46,02a46296-9d712df2_000052.jpg,640,640
car,315,314,51,31,02a46296-9d712df2_000052.jpg,640,640
car,254,313,22,23,02a46296-9d712df2_000052.jpg,640,640
car,3,297,121,104,02a46296-9d712df2_000104.jpg,640,640
car,289,305,48,36,02a46296-9d712df2_000104.jpg,640,640
car,221,308,32,33,02a46296-9d712df2_000104.jpg,640,640
car,351,305,141,53,02a46296-9d712df2_000145.jpg,640,640
car,196,319,64,39,02a46296-9d712df2_000145.jpg,640,640
car,529,327,99,47,02a46296-9d712df2_000171.jpg,640,640
car,475,316,52,53,02a46296-9d712df2_000171.jpg,640,640
car,428,329,47,42,02a46296-9d712df2_000171.jpg,640,640
car,391,329,39,39,02a46296-9d712df2_000171.jpg,640,640
car,336,329,55,43,02a46296-9d712df2_000171.jpg,640,640
car,288,332,26,25,02a46296-9d712df2_000171.jpg,640,640
car,247,327,36,30,02a46296-9d712df2_000171.jpg,640,640
car,63,329,123,64,02a46296-9d712df2_000171.jpg,640,640
car,305,319,70,69,02a46296-f95ec53f_000032.jpg,640,640
car,569,300,69,84,02a46296-f95ec53f_000032.jpg,640,640
car,286,321,18,37,02a46296-f95ec53f_000032.jpg,640,640
car,172,322,75,55,02a46296-f95ec53f_000032.jpg,640,640
car,0,298,105,153,02a46296-f95ec53f_000032.jpg,640,640
car,93,263,113,65,02a70c1f-6f18e57f_000144.jpg,640,640
car,300,265,31,22,02a70c1f-6f18e57f_000144.jpg,640,640
car,253,277,244,160,02ab2e11-e7054d3c_000100.jpg,640,640
car,521,286,41,42,02ab2e11-e7054d3c_000100.jpg,640,640
car,60,284,90,39,02ab2e11-e7054d3c_000100.jpg,640,640
car,60,285,92,43,02ab2e11-e7054d3c_000101.jpg,640,640
car,258,277,237,160,02ab2e11-e7054d3c_000101.jpg,640,640
car,512,290,54,31,02ab2e11-e7054d3c_000101.jpg,640,640
car,52,285,104,35,02ab2e11-e7054d3c_000115.jpg,640,640
car,253,276,244,157,02ab2e11-e7054d3c_000115.jpg,640,640
car,534,291,49,30,02ab2e11-e7054d3c_000115.jpg,640,640
car,451,285,53,42,02ab2e11-e7054d3c_000115.jpg,640,640
car,159,306,47,41,02ac138c-6bc72d56_000026.jpg,640,640
car,142,312,22,22,02ac138c-6bc72d56_000026.jpg,640,640
car,211,307,39,31,02ac138c-6bc72d56_000026.jpg,640,640
car,261,300,20,21,02ac138c-6bc72d56_000026.jpg,640,640
car,166,306,39,31,02ac138c-6bc72d56_000054.jpg,640,640
car,139,307,28,28,02ac138c-6bc72d56_000054.jpg,640,640
car,263,303,18,16,02ac138c-6bc72d56_000054.jpg,640,640
car,208,305,31,33,02ac138c-6bc72d56_000054.jpg,640,640
car,146,311,57,46,02ac138c-6bc72d56_000134.jpg,640,640
car,199,306,35,39,02ac138c-6bc72d56_000134.jpg,640,640
car,258,307,20,22,02ac138c-6bc72d56_000134.jpg,640,640
car,147,310,55,41,02ac138c-6bc72d56_000138.jpg,640,640
car,259,305,18,26,02ac138c-6bc72d56_000138.jpg,640,640
car,205,311,25,30,02ac138c-6bc72d56_000138.jpg,640,640
car,295,312,31,20,02ac138c-6bc72d56_000138.jpg,640,640
car,209,305,25,20,02ac138c-6bc72d56_000167.jpg,640,640
car,252,307,37,25,02ac138c-6bc72d56_000167.jpg,640,640
car,60,302,67,48,02ac138c-6bc72d56_000167.jpg,640,640
car,18,312,57,31,02ac138c-6bc72d56_000167.jpg,640,640
car,132,310,49,37,02ac138c-6bc72d56_000167.jpg,640,640
car,215,307,211,160,02ac8427-bd3b76a5_000068.jpg,640,640
car,21,313,163,94,02ac8427-bd3b76a5_000068.jpg,640,640
car,157,316,47,57,02ac8427-bd3b76a5_000068.jpg,640,640
car,192,314,33,49,02ac8427-bd3b76a5_000068.jpg,640,640
car,214,307,212,165,02ac8427-bd3b76a5_000081.jpg,640,640
car,20,312,169,91,02ac8427-bd3b76a5_000081.jpg,640,640
car,2,305,90,74,02ac8427-bd3b76a5_000081.jpg,640,640
car,156,316,55,52,02ac8427-bd3b76a5_000081.jpg,640,640
car,199,322,35,39,02ac8427-bd3b76a5_000081.jpg,640,640
car,215,305,208,168,02ac8427-bd3b76a5_000087.jpg,640,640
car,0,300,90,76,02ac8427-bd3b76a5_000087.jpg,640,640
car,21,310,158,105,02ac8427-bd3b76a5_000087.jpg,640,640
car,142,311,60,60,02ac8427-bd3b76a5_000087.jpg,640,640
car,187,317,47,39,02ac8427-bd3b76a5_000087.jpg,640,640
car,213,306,210,164,02ac8427-bd3b76a5_000118.jpg,640,640
car,24,305,157,111,02ac8427-bd3b76a5_000118.jpg,640,640
car,152,312,49,57,02ac8427-bd3b76a5_000118.jpg,640,640
car,195,314,32,37,02ac8427-bd3b76a5_000118.jpg,640,640
car,237,271,55,41,02b1ab3d-e93996c2_000001.jpg,640,640
car,547,327,93,57,02b1ab3d-e93996c2_000001.jpg,640,640
car,268,244,58,48,02b1ab3d-e93996c2_000001.jpg,640,640
car,211,256,46,37,02b1ab3d-e93996c2_000001.jpg,640,640
car,177,258,36,35,02b1ab3d-e93996c2_000001.jpg,640,640
car,145,263,46,21,02b1ab3d-e93996c2_000001.jpg,640,640
car,127,269,43,17,02b1ab3d-e93996c2_000001.jpg,640,640
car,116,279,43,23,02b1ab3d-e93996c2_000001.jpg,640,640
car,53,271,32,27,02b1ab3d-e93996c2_000001.jpg,640,640
car,381,318,96,60,02b3fce2-28a8c45f_000017.jpg,640,640
car,561,322,67,54,02b3fce2-28a8c45f_000017.jpg,640,640
car,507,327,53,37,02b3fce2-28a8c45f_000017.jpg,640,640
car,485,329,23,35,02b3fce2-28a8c45f_000017.jpg,640,640
car,356,324,26,30,02b3fce2-28a8c45f_000017.jpg,640,640
car,330,329,23,20,02b3fce2-28a8c45f_000017.jpg,640,640
car,4,327,65,42,02b3fce2-28a8c45f_000017.jpg,640,640
car,88,329,48,22,02b3fce2-28a8c45f_000017.jpg,640,640
car,284,329,48,22,02b3fce2-28a8c45f_000017.jpg,640,640
car,261,329,17,17,02b3fce2-28a8c45f_000017.jpg,640,640
car,213,324,37,23,02b3fce2-28a8c45f_000017.jpg,640,640
car,521,328,76,43,02b3fce2-28a8c45f_000050.jpg,640,640
car,409,323,109,65,02b3fce2-28a8c45f_000050.jpg,640,640
car,384,328,52,21,02b3fce2-28a8c45f_000050.jpg,640,640
car,349,330,32,21,02b3fce2-28a8c45f_000050.jpg,640,640
car,322,329,23,21,02b3fce2-28a8c45f_000050.jpg,640,640
car,288,332,26,20,02b3fce2-28a8c45f_000050.jpg,640,640
car,257,332,32,21,02b3fce2-28a8c45f_000050.jpg,640,640
car,210,334,39,25,02b3fce2-28a8c45f_000050.jpg,640,640
car,0,328,87,37,02b3fce2-28a8c45f_000050.jpg,640,640
car,109,328,63,31,02b3fce2-28a8c45f_000050.jpg,640,640
car,174,333,32,25,02b3fce2-28a8c45f_000050.jpg,640,640
car,598,344,42,30,02b3fce2-28a8c45f_000050.jpg,640,640
car,488,266,48,33,02b4d710-c34ba68e_000115.jpg,640,640
car,480,260,18,23,02b4d710-c34ba68e_000115.jpg,640,640
car,454,256,23,27,02b4d710-c34ba68e_000115.jpg,640,640
car,428,259,27,16,02b4d710-c34ba68e_000115.jpg,640,640
car,401,255,21,17,02b4d710-c34ba68e_000115.jpg,640,640
car,332,250,39,26,02b4d710-c34ba68e_000115.jpg,640,640
car,312,252,22,23,02b4d710-c34ba68e_000115.jpg,640,640
car,373,250,28,20,02b4d710-c34ba68e_000115.jpg,640,640
car,547,265,93,49,02b4d710-c34ba68e_000155.jpg,640,640
car,490,260,43,35,02b4d710-c34ba68e_000155.jpg,640,640
car,463,265,27,21,02b4d710-c34ba68e_000155.jpg,640,640
car,438,260,31,21,02b4d710-c34ba68e_000155.jpg,640,640
car,409,255,28,25,02b4d710-c34ba68e_000155.jpg,640,640
car,379,253,30,17,02b4d710-c34ba68e_000155.jpg,640,640
car,310,249,39,27,02b4d710-c34ba68e_000155.jpg,640,640
car,363,253,16,20,02b4d710-c34ba68e_000155.jpg,640,640
car,233,242,158,60,02b4d710-c34ba68e_000192.jpg,640,640
car,502,269,46,25,02b4d710-c34ba68e_000192.jpg,640,640
car,468,268,37,22,02b4d710-c34ba68e_000192.jpg,640,640
car,442,260,33,22,02b4d710-c34ba68e_000192.jpg,640,640
car,385,255,20,18,02b4d710-c34ba68e_000192.jpg,640,640
car,406,259,25,17,02b4d710-c34ba68e_000192.jpg,640,640
car,483,333,157,149,009deddd-c8963379_000008.jpg,640,640
car,374,351,159,85,009deddd-c8963379_000008.jpg,640,640
car,337,340,67,75,009deddd-c8963379_000008.jpg,640,640
car,319,359,36,42,009deddd-c8963379_000008.jpg,640,640
car,303,355,35,37,009deddd-c8963379_000008.jpg,640,640
car,284,355,36,31,009deddd-c8963379_000008.jpg,640,640
car,266,355,25,22,009deddd-c8963379_000008.jpg,640,640
car,243,354,21,21,009deddd-c8963379_000008.jpg,640,640
car,224,358,32,22,009deddd-c8963379_000008.jpg,640,640
car,216,356,12,27,009deddd-c8963379_000008.jpg,640,640
car,193,354,26,32,009deddd-c8963379_000008.jpg,640,640
car,167,356,31,36,009deddd-c8963379_000008.jpg,640,640
car,110,355,67,63,009deddd-c8963379_000008.jpg,640,640
car,0,354,132,76,009deddd-c8963379_000008.jpg,640,640
car,430,317,206,166,009deddd-c8963379_000034.jpg,640,640
car,368,356,91,73,009deddd-c8963379_000034.jpg,640,640
car,335,344,68,54,009deddd-c8963379_000034.jpg,640,640
car,306,343,36,52,009deddd-c8963379_000034.jpg,640,640
car,280,344,32,47,009deddd-c8963379_000034.jpg,640,640
car,257,353,22,25,009deddd-c8963379_000034.jpg,640,640
car,236,353,20,25,009deddd-c8963379_000034.jpg,640,640
car,213,351,21,27,009deddd-c8963379_000034.jpg,640,640
car,198,355,16,26,009deddd-c8963379_000034.jpg,640,640
car,169,354,33,35,009deddd-c8963379_000034.jpg,640,640
car,113,356,78,47,009deddd-c8963379_000034.jpg,640,640
car,2,353,133,102,009deddd-c8963379_000034.jpg,640,640
car,589,377,49,127,009deddd-c8963379_000049.jpg,640,640
car,415,355,176,115,009deddd-c8963379_000049.jpg,640,640
car,351,334,107,81,009deddd-c8963379_000049.jpg,640,640
car,295,339,53,64,009deddd-c8963379_000049.jpg,640,640
car,279,353,38,28,009deddd-c8963379_000049.jpg,640,640
car,258,354,25,25,009deddd-c8963379_000049.jpg,640,640
car,235,353,23,23,009deddd-c8963379_000049.jpg,640,640
car,210,351,23,26,009deddd-c8963379_000049.jpg,640,640
car,187,350,22,30,009deddd-c8963379_000049.jpg,640,640
car,152,347,41,44,009deddd-c8963379_000049.jpg,640,640
car,67,354,112,54,009deddd-c8963379_000049.jpg,640,640
car,2,396,38,92,009deddd-c8963379_000049.jpg,640,640
car,598,366,41,128,009deddd-c8963379_000093.jpg,640,640
car,389,339,212,121,009deddd-c8963379_000093.jpg,640,640
car,326,334,100,76,009deddd-c8963379_000093.jpg,640,640
car,269,350,31,31,009deddd-c8963379_000093.jpg,640,640
car,251,354,17,17,009deddd-c8963379_000093.jpg,640,640
car,221,347,27,27,009deddd-c8963379_000093.jpg,640,640
car,201,354,17,21,009deddd-c8963379_000093.jpg,640,640
car,184,351,17,32,009deddd-c8963379_000093.jpg,640,640
car,159,351,22,39,009deddd-c8963379_000093.jpg,640,640
car,102,344,59,57,009deddd-c8963379_000093.jpg,640,640
car,2,326,125,106,009deddd-c8963379_000093.jpg,640,640
car,285,356,30,38,009deddd-c8963379_000147.jpg,640,640
car,263,354,22,35,009deddd-c8963379_000147.jpg,640,640
car,245,359,18,16,009deddd-c8963379_000147.jpg,640,640
car,199,351,46,33,009deddd-c8963379_000147.jpg,640,640
car,176,349,20,37,009deddd-c8963379_000147.jpg,640,640
car,159,354,28,36,009deddd-c8963379_000147.jpg,640,640
car,136,347,33,44,009deddd-c8963379_000147.jpg,640,640
car,62,343,99,63,009deddd-c8963379_000147.jpg,640,640
car,2,345,96,96,009deddd-c8963379_000147.jpg,640,640
car,312,327,97,37,02b0443e-25d7d385_000054.jpg,640,640
car,127,326,164,58,02b0443e-25d7d385_000054.jpg,640,640
car,2,335,104,42,02b0443e-25d7d385_000054.jpg,640,640
car,252,322,173,59,02b0443e-25d7d385_000066.jpg,640,640
car,56,339,128,35,02b0443e-25d7d385_000066.jpg,640,640
car,0,349,31,23,02b0443e-25d7d385_000066.jpg,640,640
car,295,318,143,42,02b0443e-25d7d385_000182.jpg,640,640
car,105,319,136,54,02b0443e-25d7d385_000182.jpg,640,640
car,36,347,58,22,02b0443e-25d7d385_000182.jpg,640,640
car,0,347,29,25,02b0443e-25d7d385_000182.jpg,640,640
car,500,293,138,85,02b12643-452a1808_000052.jpg,640,640
car,325,307,54,47,02b12643-452a1808_000052.jpg,640,640
car,307,312,22,32,02b12643-452a1808_000052.jpg,640,640
car,294,313,25,23,02b12643-452a1808_000052.jpg,640,640
car,277,312,18,22,02b12643-452a1808_000052.jpg,640,640
car,253,310,22,16,02b12643-452a1808_000052.jpg,640,640
car,230,312,21,12,02b12643-452a1808_000052.jpg,640,640
car,206,314,23,12,02b12643-452a1808_000052.jpg,640,640
car,188,317,17,16,02b12643-452a1808_000052.jpg,640,640
car,172,319,12,17,02b12643-452a1808_000052.jpg,640,640
car,161,318,14,20,02b12643-452a1808_000052.jpg,640,640
car,129,318,35,26,02b12643-452a1808_000052.jpg,640,640
car,87,322,41,32,02b12643-452a1808_000052.jpg,640,640
car,13,322,72,44,02b12643-452a1808_000052.jpg,640,640
car,436,307,204,133,02b12643-f8b3aa6f_000020.jpg,640,640
car,406,324,23,16,02b12643-f8b3aa6f_000020.jpg,640,640
car,332,327,33,25,02b12643-f8b3aa6f_000020.jpg,640,640
car,320,328,18,16,02b12643-f8b3aa6f_000020.jpg,640,640
car,268,318,32,33,02b12643-f8b3aa6f_000020.jpg,640,640
car,246,322,25,18,02b12643-f8b3aa6f_000020.jpg,640,640
car,219,324,31,27,02b12643-f8b3aa6f_000020.jpg,640,640
car,140,326,72,46,02b12643-f8b3aa6f_000020.jpg,640,640
car,51,324,37,22,02b12643-f8b3aa6f_000020.jpg,640,640
car,111,337,30,14,02b12643-f8b3aa6f_000020.jpg,640,640
car,0,321,72,112,02b12643-f8b3aa6f_000020.jpg,640,640
car,414,310,217,123,02b12643-f8b3aa6f_000095.jpg,640,640
car,330,319,33,30,02b12643-f8b3aa6f_000095.jpg,640,640
car,306,323,23,21,02b12643-f8b3aa6f_000095.jpg,640,640
car,261,319,38,32,02b12643-f8b3aa6f_000095.jpg,640,640
car,243,322,20,22,02b12643-f8b3aa6f_000095.jpg,640,640
car,229,326,23,21,02b12643-f8b3aa6f_000095.jpg,640,640
car,190,328,42,31,02b12643-f8b3aa6f_000095.jpg,640,640
car,114,327,80,57,02b12643-f8b3aa6f_000095.jpg,640,640
car,367,310,175,115,02b12643-f8b3aa6f_000178.jpg,640,640
car,309,323,32,32,02b12643-f8b3aa6f_000178.jpg,640,640
car,290,329,20,18,02b12643-f8b3aa6f_000178.jpg,640,640
car,250,321,39,43,02b12643-f8b3aa6f_000178.jpg,640,640
car,235,327,16,23,02b12643-f8b3aa6f_000178.jpg,640,640
car,221,335,16,17,02b12643-f8b3aa6f_000178.jpg,640,640
car,157,332,60,35,02b12643-f8b3aa6f_000178.jpg,640,640
car,113,334,22,16,02b12643-f8b3aa6f_000178.jpg,640,640
car,0,337,129,68,02b12643-f8b3aa6f_000178.jpg,640,640
car,3,326,48,31,02b12643-f8b3aa6f_000178.jpg,640,640
car,365,311,171,110,02b12643-f8b3aa6f_000184.jpg,640,640
car,311,324,30,27,02b12643-f8b3aa6f_000184.jpg,640,640
car,294,327,18,20,02b12643-f8b3aa6f_000184.jpg,640,640
car,248,321,42,33,02b12643-f8b3aa6f_000184.jpg,640,640
car,236,327,21,17,02b12643-f8b3aa6f_000184.jpg,640,640
car,219,332,20,12,02b12643-f8b3aa6f_000184.jpg,640,640
car,168,327,48,37,02b12643-f8b3aa6f_000184.jpg,640,640
car,108,330,41,21,02b12643-f8b3aa6f_000184.jpg,640,640
car,0,333,127,68,02b12643-f8b3aa6f_000184.jpg,640,640
car,370,306,165,112,02b12643-f8b3aa6f_000188.jpg,640,640
car,307,319,32,27,02b12643-f8b3aa6f_000188.jpg,640,640
car,290,326,18,18,02b12643-f8b3aa6f_000188.jpg,640,640
car,248,314,49,41,02b12643-f8b3aa6f_000188.jpg,640,640
car,214,326,28,26,02b12643-f8b3aa6f_000188.jpg,640,640
car,159,323,59,46,02b12643-f8b3aa6f_000188.jpg,640,640
car,232,327,23,17,02b12643-f8b3aa6f_000188.jpg,640,640
car,85,333,51,27,02b12643-f8b3aa6f_000188.jpg,640,640
car,0,332,125,69,02b12643-f8b3aa6f_000188.jpg,640,640
car,208,300,46,31,02b60681-3c20b8a3_000190.jpg,640,640
car,187,337,37,38,02b6d2a0-54fc4ce8_000115.jpg,640,640
car,216,342,28,32,02b6d2a0-54fc4ce8_000115.jpg,640,640
car,153,337,57,41,02b6d2a0-54fc4ce8_000130.jpg,640,640
car,199,344,32,23,02b6d2a0-54fc4ce8_000130.jpg,640,640
car,325,342,53,60,02b6d2a0-54fc4ce8_000185.jpg,640,640
car,367,351,39,37,02b6d2a0-54fc4ce8_000185.jpg,640,640
car,336,313,63,53,02b7b9ee-066c81db_000033.jpg,640,640
car,251,300,74,59,02b7b9ee-066c81db_000033.jpg,640,640
car,209,313,42,52,02b7b9ee-066c81db_000033.jpg,640,640
car,36,310,203,122,02b7b9ee-066c81db_000033.jpg,640,640
car,417,295,111,104,02b7b9ee-066c81db_000144.jpg,640,640
car,115,255,269,202,02b7b9ee-066c81db_000144.jpg,640,640
car,113,243,279,219,02b7b9ee-066c81db_000155.jpg,640,640
car,420,301,110,96,02b7b9ee-066c81db_000155.jpg,640,640
car,441,310,104,88,02b7b9ee-066c81db_000197.jpg,640,640
car,171,265,274,190,02b7b9ee-066c81db_000197.jpg,640,640
car,305,351,44,57,009deddd-c8963379_000166.jpg,640,640
car,298,354,30,41,009deddd-c8963379_000166.jpg,640,640
car,286,356,23,35,009deddd-c8963379_000166.jpg,640,640
car,272,356,18,28,009deddd-c8963379_000166.jpg,640,640
car,256,363,20,16,009deddd-c8963379_000166.jpg,640,640
car,237,360,14,12,009deddd-c8963379_000166.jpg,640,640
car,196,351,42,36,009deddd-c8963379_000166.jpg,640,640
car,184,355,16,31,009deddd-c8963379_000166.jpg,640,640
car,173,356,16,33,009deddd-c8963379_000166.jpg,640,640
car,134,353,46,47,009deddd-c8963379_000166.jpg,640,640
car,95,342,60,74,009deddd-c8963379_000166.jpg,640,640
car,2,337,126,99,009deddd-c8963379_000166.jpg,640,640
car,332,317,95,78,023d0f3c-564e6d31_000027.jpg,640,640
car,439,329,33,27,023d0f3c-564e6d31_000027.jpg,640,640
car,316,319,27,22,023d0f3c-564e6d31_000027.jpg,640,640
car,298,317,30,30,023d0f3c-564e6d31_000027.jpg,640,640
car,278,321,25,30,023d0f3c-564e6d31_000027.jpg,640,640
car,214,312,65,44,023d0f3c-564e6d31_000027.jpg,640,640
car,23,305,157,76,023d0f3c-564e6d31_000027.jpg,640,640
car,0,292,36,80,023d0f3c-564e6d31_000027.jpg,640,640
car,414,305,41,51,023d0f3c-564e6d31_000027.jpg,640,640
car,259,307,326,110,023d0f3c-564e6d31_000139.jpg,640,640
car,0,236,199,206,026b9a11-f819c1b9_000045.jpg,640,640
car,256,258,37,30,026b9a11-f819c1b9_000045.jpg,640,640
car,311,261,73,60,026b9a11-f819c1b9_000045.jpg,640,640
car,411,157,229,237,026b9a11-f819c1b9_000045.jpg,640,640
car,380,261,28,46,026b9a11-f819c1b9_000045.jpg,640,640
car,319,248,28,30,026b9a11-f819c1b9_000045.jpg,640,640
car,290,268,14,18,026b9a11-f819c1b9_000045.jpg,640,640
car,111,308,208,105,027bf15c-291f196d_000041.jpg,640,640
car,348,318,46,28,027bf15c-291f196d_000041.jpg,640,640
car,94,322,48,27,027bf15c-291f196d_000041.jpg,640,640
car,4,323,23,21,027bf15c-291f196d_000041.jpg,640,640
car,77,324,16,17,027bf15c-291f196d_000041.jpg,640,640
car,45,323,33,17,027bf15c-291f196d_000041.jpg,640,640
car,14,326,35,18,027bf15c-291f196d_000041.jpg,640,640
car,270,440,0,1,027bf15c-291f196d_000041.jpg,640,640
car,103,305,222,101,027bf15c-291f196d_000177.jpg,640,640
car,88,326,70,18,027bf15c-291f196d_000177.jpg,640,640
car,352,314,38,28,027bf15c-291f196d_000177.jpg,640,640
car,69,322,21,17,027bf15c-291f196d_000177.jpg,640,640
car,46,322,25,18,027bf15c-291f196d_000177.jpg,640,640
car,19,318,27,21,027bf15c-291f196d_000177.jpg,640,640
car,0,319,16,26,027bf15c-291f196d_000177.jpg,640,640
car,314,301,63,68,027e72be-8b4f222c_000020.jpg,640,640
car,258,324,49,39,027e72be-8b4f222c_000020.jpg,640,640
car,317,297,53,78,027e72be-8b4f222c_000024.jpg,640,640
car,305,326,17,23,027e72be-8b4f222c_000024.jpg,640,640
car,250,327,51,36,027e72be-8b4f222c_000024.jpg,640,640
car,312,302,46,69,027e72be-8b4f222c_000060.jpg,640,640
car,201,319,67,57,027e72be-8b4f222c_000060.jpg,640,640
car,421,332,112,33,027e72be-8b4f222c_000119.jpg,640,640
car,349,310,49,47,027e72be-8b4f222c_000119.jpg,640,640
car,303,285,47,83,027e72be-8b4f222c_000119.jpg,640,640
car,277,322,27,25,027e72be-8b4f222c_000119.jpg,640,640
car,12,312,94,32,027e72be-8b4f222c_000119.jpg,640,640
car,432,328,126,49,027e72be-8b4f222c_000125.jpg,640,640
car,357,305,41,58,027e72be-8b4f222c_000125.jpg,640,640
car,300,292,53,69,027e72be-8b4f222c_000125.jpg,640,640
car,273,322,30,27,027e72be-8b4f222c_000125.jpg,640,640
car,2,313,89,28,027e72be-8b4f222c_000125.jpg,640,640
car,500,348,140,70,028b04e1-f30d3ac9_000167.jpg,640,640
car,453,354,78,54,028b04e1-f30d3ac9_000167.jpg,640,640
car,418,354,62,41,028b04e1-f30d3ac9_000167.jpg,640,640
car,390,355,53,32,028b04e1-f30d3ac9_000167.jpg,640,640
car,372,358,22,21,028b04e1-f30d3ac9_000167.jpg,640,640
car,335,356,32,26,028b04e1-f30d3ac9_000167.jpg,640,640
car,293,349,38,31,028b04e1-f30d3ac9_000167.jpg,640,640
car,245,345,44,39,028b04e1-f30d3ac9_000167.jpg,640,640
car,4,305,181,109,028b04e1-f30d3ac9_000167.jpg,640,640
car,426,279,214,99,028b5d16-45f7e11a_000152.jpg,640,640
car,310,275,59,42,028b5d16-45f7e11a_000152.jpg,640,640
car,279,286,33,21,028b5d16-45f7e11a_000152.jpg,640,640
car,251,285,27,17,028b5d16-45f7e11a_000152.jpg,640,640
car,0,295,30,33,028b5d16-45f7e11a_000152.jpg,640,640
car,31,287,54,35,028b5d16-45f7e11a_000152.jpg,640,640
car,235,287,14,14,028b5d16-45f7e11a_000152.jpg,640,640
car,219,285,12,15,028b5d16-45f7e11a_000152.jpg,640,640
car,194,287,15,7,028b5d16-45f7e11a_000152.jpg,640,640
car,179,290,20,10,028b5d16-45f7e11a_000152.jpg,640,640
car,150,289,27,14,028b5d16-45f7e11a_000152.jpg,640,640
car,124,289,26,16,028b5d16-45f7e11a_000152.jpg,640,640
car,110,290,15,18,028b5d16-45f7e11a_000152.jpg,640,640
car,85,287,22,27,028b5d16-45f7e11a_000152.jpg,640,640
car,379,263,83,39,028b5d16-45f7e11a_000152.jpg,640,640
car,404,275,69,32,028b5d16-45f7e11a_000152.jpg,640,640
car,474,274,166,122,028b5d16-45f7e11a_000157.jpg,640,640
car,384,264,94,44,028b5d16-45f7e11a_000157.jpg,640,640
car,323,279,59,48,028b5d16-45f7e11a_000157.jpg,640,640
car,416,277,59,35,028b5d16-45f7e11a_000157.jpg,640,640
car,278,281,42,36,028b5d16-45f7e11a_000157.jpg,640,640
car,258,282,18,23,028b5d16-45f7e11a_000157.jpg,640,640
car,243,285,15,17,028b5d16-45f7e11a_000157.jpg,640,640
car,222,284,21,16,028b5d16-45f7e11a_000157.jpg,640,640
car,196,286,16,15,028b5d16-45f7e11a_000157.jpg,640,640
car,176,285,20,15,028b5d16-45f7e11a_000157.jpg,640,640
car,150,287,26,17,028b5d16-45f7e11a_000157.jpg,640,640
car,122,287,26,17,028b5d16-45f7e11a_000157.jpg,640,640
car,108,287,15,22,028b5d16-45f7e11a_000157.jpg,640,640
car,77,290,30,25,028b5d16-45f7e11a_000157.jpg,640,640
car,23,287,55,35,028b5d16-45f7e11a_000157.jpg,640,640
car,0,295,24,33,028b5d16-45f7e11a_000157.jpg,640,640
car,396,265,185,94,028b5d16-45f7e11a_000187.jpg,640,640
car,564,261,73,49,028b5d16-45f7e11a_000187.jpg,640,640
car,507,247,113,30,028b5d16-45f7e11a_000187.jpg,640,640
car,315,282,67,36,028b5d16-45f7e11a_000187.jpg,640,640
car,303,279,47,31,028b5d16-45f7e11a_000187.jpg,640,640
car,280,276,22,27,028b5d16-45f7e11a_000187.jpg,640,640
car,269,281,18,16,028b5d16-45f7e11a_000187.jpg,640,640
car,246,280,21,16,028b5d16-45f7e11a_000187.jpg,640,640
car,230,277,17,17,028b5d16-45f7e11a_000187.jpg,640,640
car,204,279,14,18,028b5d16-45f7e11a_000187.jpg,640,640
car,176,282,25,15,028b5d16-45f7e11a_000187.jpg,640,640
car,155,285,18,12,028b5d16-45f7e11a_000187.jpg,640,640
car,124,284,28,21,028b5d16-45f7e11a_000187.jpg,640,640
car,110,285,17,21,028b5d16-45f7e11a_000187.jpg,640,640
car,83,287,27,22,028b5d16-45f7e11a_000187.jpg,640,640
car,28,286,57,35,028b5d16-45f7e11a_000187.jpg,640,640
car,2,279,26,51,028b5d16-45f7e11a_000187.jpg,640,640
car,582,282,58,39,028b5d16-af6a6275_000045.jpg,640,640
car,468,286,64,28,028b5d16-af6a6275_000045.jpg,640,640
car,342,284,37,33,028b5d16-af6a6275_000045.jpg,640,640
car,316,290,25,22,028b5d16-af6a6275_000045.jpg,640,640
car,272,282,28,28,028b5d16-af6a6275_000045.jpg,640,640
car,227,287,36,25,028b5d16-af6a6275_000045.jpg,640,640
car,116,286,30,26,028b5d16-af6a6275_000045.jpg,640,640
car,84,285,30,22,028b5d16-af6a6275_000045.jpg,640,640
car,443,281,30,36,028b5d16-af6a6275_000045.jpg,640,640
car,541,282,42,35,028b5d16-af6a6275_000045.jpg,640,640
car,584,282,54,42,028b5d16-af6a6275_000049.jpg,640,640
car,532,282,59,39,028b5d16-af6a6275_000049.jpg,640,640
car,474,289,57,32,028b5d16-af6a6275_000049.jpg,640,640
car,441,285,35,33,028b5d16-af6a6275_000049.jpg,640,640
car,342,289,43,27,028b5d16-af6a6275_000049.jpg,640,640
car,310,287,33,26,028b5d16-af6a6275_000049.jpg,640,640
car,270,280,27,28,028b5d16-af6a6275_000049.jpg,640,640
car,232,290,35,22,028b5d16-af6a6275_000049.jpg,640,640
car,105,289,47,26,028b5d16-af6a6275_000049.jpg,640,640
car,77,280,33,26,028b5d16-af6a6275_000049.jpg,640,640
car,582,284,58,44,028b5d16-af6a6275_000088.jpg,640,640
car,532,282,51,42,028b5d16-af6a6275_000088.jpg,640,640
car,470,289,63,36,028b5d16-af6a6275_000088.jpg,640,640
car,437,287,37,32,028b5d16-af6a6275_000088.jpg,640,640
car,340,285,47,30,028b5d16-af6a6275_000088.jpg,640,640
car,317,289,33,20,028b5d16-af6a6275_000088.jpg,640,640
car,273,280,26,35,028b5d16-af6a6275_000088.jpg,640,640
car,224,289,43,27,028b5d16-af6a6275_000088.jpg,640,640
car,115,291,39,23,028b5d16-af6a6275_000088.jpg,640,640
car,85,285,30,27,028b5d16-af6a6275_000088.jpg,640,640
car,582,282,55,44,028b5d16-af6a6275_000102.jpg,640,640
car,532,284,51,33,028b5d16-af6a6275_000102.jpg,640,640
car,467,282,65,41,028b5d16-af6a6275_000102.jpg,640,640
car,441,285,48,32,028b5d16-af6a6275_000102.jpg,640,640
car,340,287,43,27,028b5d16-af6a6275_000102.jpg,640,640
car,312,287,30,22,028b5d16-af6a6275_000102.jpg,640,640
car,268,281,28,35,028b5d16-af6a6275_000102.jpg,640,640
car,226,292,38,25,028b5d16-af6a6275_000102.jpg,640,640
car,115,291,33,18,028b5d16-af6a6275_000102.jpg,640,640
car,84,282,28,27,028b5d16-af6a6275_000102.jpg,640,640
car,587,284,52,41,028b5d16-af6a6275_000125.jpg,640,640
car,548,277,43,38,028b5d16-af6a6275_000125.jpg,640,640
car,464,287,72,38,028b5d16-af6a6275_000125.jpg,640,640
car,430,285,55,33,028b5d16-af6a6275_000125.jpg,640,640
car,335,292,44,20,028b5d16-af6a6275_000125.jpg,640,640
car,316,290,22,18,028b5d16-af6a6275_000125.jpg,640,640
car,272,282,23,30,028b5d16-af6a6275_000125.jpg,640,640
car,226,290,39,25,028b5d16-af6a6275_000125.jpg,640,640
car,110,291,43,26,028b5d16-af6a6275_000125.jpg,640,640
car,81,285,32,23,028b5d16-af6a6275_000125.jpg,640,640
car,616,287,24,42,028b5d16-af6a6275_000164.jpg,640,640
car,558,287,60,43,028b5d16-af6a6275_000164.jpg,640,640
car,490,290,67,37,028b5d16-af6a6275_000164.jpg,640,640
car,451,284,39,38,028b5d16-af6a6275_000164.jpg,640,640
car,340,292,54,25,028b5d16-af6a6275_000164.jpg,640,640
car,317,292,23,20,028b5d16-af6a6275_000164.jpg,640,640
car,268,284,32,28,028b5d16-af6a6275_000164.jpg,640,640
car,226,292,42,27,028b5d16-af6a6275_000164.jpg,640,640
car,106,290,39,23,028b5d16-af6a6275_000164.jpg,640,640
car,74,289,32,18,028b5d16-af6a6275_000164.jpg,640,640
car,25,286,31,23,028b5d16-af6a6275_000164.jpg,640,640
car,596,258,44,60,028b5d16-be6486a6_000019.jpg,640,640
car,522,274,75,39,028b5d16-be6486a6_000019.jpg,640,640
car,469,273,51,36,028b5d16-be6486a6_000019.jpg,640,640
car,527,249,111,22,028b5d16-be6486a6_000019.jpg,640,640
car,425,273,38,16,028b5d16-be6486a6_000019.jpg,640,640
car,396,277,27,15,028b5d16-be6486a6_000019.jpg,640,640
car,351,279,47,18,028b5d16-be6486a6_000019.jpg,640,640
car,320,280,26,15,028b5d16-be6486a6_000019.jpg,640,640
car,298,277,21,16,028b5d16-be6486a6_000019.jpg,640,640
car,251,281,15,14,028b5d16-be6486a6_000019.jpg,640,640
car,233,284,17,16,028b5d16-be6486a6_000019.jpg,640,640
car,204,282,27,17,028b5d16-be6486a6_000019.jpg,640,640
car,500,265,72,46,028b5d16-be6486a6_000065.jpg,640,640
car,544,273,49,22,028b5d16-be6486a6_000065.jpg,640,640
car,591,270,47,25,028b5d16-be6486a6_000065.jpg,640,640
car,485,270,25,22,028b5d16-be6486a6_000065.jpg,640,640
car,453,280,22,11,028b5d16-be6486a6_000065.jpg,640,640
car,422,280,43,26,028b5d16-be6486a6_000065.jpg,640,640
car,394,280,33,25,028b5d16-be6486a6_000065.jpg,640,640
car,378,280,21,22,028b5d16-be6486a6_000065.jpg,640,640
car,359,279,20,25,028b5d16-be6486a6_000065.jpg,640,640
car,337,277,22,17,028b5d16-be6486a6_000065.jpg,640,640
car,263,279,10,12,028b5d16-be6486a6_000065.jpg,640,640
car,243,284,15,16,028b5d16-be6486a6_000065.jpg,640,640
car,219,279,22,21,028b5d16-be6486a6_000065.jpg,640,640
car,594,263,46,53,028b5d16-be6486a6_000075.jpg,640,640
car,581,277,16,17,028b5d16-be6486a6_000075.jpg,640,640
car,534,273,49,20,028b5d16-be6486a6_000075.jpg,640,640
car,520,273,22,18,028b5d16-be6486a6_000075.jpg,640,640
car,479,275,55,36,028b5d16-be6486a6_000075.jpg,640,640
car,436,273,42,36,028b5d16-be6486a6_000075.jpg,640,640
car,406,275,31,25,028b5d16-be6486a6_000075.jpg,640,640
car,380,280,23,21,028b5d16-be6486a6_000075.jpg,640,640
car,359,277,17,22,028b5d16-be6486a6_000075.jpg,640,640
car,342,282,20,17,028b5d16-be6486a6_000075.jpg,640,640
car,325,279,26,20,028b5d16-be6486a6_000075.jpg,640,640
car,250,282,11,17,028b5d16-be6486a6_000075.jpg,640,640
car,226,280,20,21,028b5d16-be6486a6_000075.jpg,640,640
car,266,279,9,14,028b5d16-be6486a6_000075.jpg,640,640
car,511,281,100,39,028b5d16-be6486a6_000148.jpg,640,640
car,575,269,47,27,028b5d16-be6486a6_000148.jpg,640,640
car,618,280,22,22,028b5d16-be6486a6_000148.jpg,640,640
car,447,280,62,35,028b5d16-be6486a6_000148.jpg,640,640
car,409,282,43,26,028b5d16-be6486a6_000148.jpg,640,640
car,364,277,38,30,028b5d16-be6486a6_000148.jpg,640,640
car,214,276,17,18,028b5d16-be6486a6_000148.jpg,640,640
car,243,282,10,12,028b5d16-be6486a6_000148.jpg,640,640
car,256,276,18,15,028b5d16-be6486a6_000148.jpg,640,640
car,616,291,24,30,028c7891-a4644551_000068.jpg,640,640
car,488,271,59,31,028c7891-a4644551_000068.jpg,640,640
car,451,274,39,33,028c7891-a4644551_000068.jpg,640,640
car,404,273,43,30,028c7891-a4644551_000068.jpg,640,640
car,151,250,11,15,028c7891-a4644551_000068.jpg,640,640
car,136,248,15,16,028c7891-a4644551_000068.jpg,640,640
car,113,250,6,10,028c7891-a4644551_000068.jpg,640,640
car,99,253,11,10,028c7891-a4644551_000068.jpg,640,640
car,81,250,15,11,028c7891-a4644551_000068.jpg,640,640
car,470,293,35,28,028c7891-a4644551_000198.jpg,640,640
car,460,289,30,23,028c7891-a4644551_000198.jpg,640,640
car,443,290,21,20,028c7891-a4644551_000198.jpg,640,640
car,414,285,32,25,028c7891-a4644551_000198.jpg,640,640
car,257,282,54,33,028c7891-a4644551_000198.jpg,640,640
car,362,282,21,15,028c7891-a4644551_000198.jpg,640,640
car,88,268,81,27,028c7891-a4644551_000198.jpg,640,640
car,139,261,42,18,028c7891-a4644551_000198.jpg,640,640
car,135,275,62,18,028c7891-a4644551_000198.jpg,640,640
car,502,270,136,166,028daae4-27c30b20_000101.jpg,640,640
car,317,292,35,31,028daae4-27c30b20_000101.jpg,640,640
car,305,292,18,22,028daae4-27c30b20_000101.jpg,640,640
car,293,295,12,18,028daae4-27c30b20_000101.jpg,640,640
car,247,284,46,43,028daae4-27c30b20_000101.jpg,640,640
car,7,276,79,48,028daae4-27c30b20_000101.jpg,640,640
car,77,276,70,53,028daae4-27c30b20_000101.jpg,640,640
car,161,285,32,38,028daae4-27c30b20_000101.jpg,640,640
car,127,255,64,48,028daae4-27c30b20_000101.jpg,640,640
car,194,290,27,20,028daae4-27c30b20_000101.jpg,640,640
car,222,289,26,21,028daae4-27c30b20_000101.jpg,640,640
car,332,287,54,41,028daae4-27c30b20_000171.jpg,640,640
car,310,292,36,27,028daae4-27c30b20_000171.jpg,640,640
car,283,285,22,30,028daae4-27c30b20_000171.jpg,640,640
car,248,287,42,32,028daae4-27c30b20_000171.jpg,640,640
car,225,289,23,26,028daae4-27c30b20_000171.jpg,640,640
car,196,285,30,27,028daae4-27c30b20_000171.jpg,640,640
car,174,287,22,25,028daae4-27c30b20_000171.jpg,640,640
car,132,282,42,42,028daae4-27c30b20_000171.jpg,640,640
car,114,280,23,30,028daae4-27c30b20_000171.jpg,640,640
car,0,207,126,105,028daae4-27c30b20_000171.jpg,640,640
car,0,276,76,74,028daae4-27c30b20_000171.jpg,640,640
car,340,287,67,55,028daae4-27c30b20_000196.jpg,640,640
car,321,296,28,27,028daae4-27c30b20_000196.jpg,640,640
car,303,293,12,16,028daae4-27c30b20_000196.jpg,640,640
car,282,286,18,26,028daae4-27c30b20_000196.jpg,640,640
car,253,289,30,35,028daae4-27c30b20_000196.jpg,640,640
car,217,292,18,22,028daae4-27c30b20_000196.jpg,640,640
car,187,291,32,25,028daae4-27c30b20_000196.jpg,640,640
car,142,286,48,37,028daae4-27c30b20_000196.jpg,640,640
car,92,280,53,35,028daae4-27c30b20_000196.jpg,640,640
car,0,280,103,57,028daae4-27c30b20_000196.jpg,640,640
